rank,scaler,class_weight,c_value,threshold,accuracy,precision_archeologique,recall_archeologique,f1_archeologique,fold_f1_mean,fold_f1_std,false_negatives,false_positives,true_positives,true_negatives
1,none,none,0.03,0.45,0.8013698630136986,0.7608695652173914,0.660377358490566,0.7070707070707071,0.640198708477077,0.29008937114736527,36,22,70,164
2,none,none,0.1,0.4,0.7876712328767124,0.7115384615384616,0.6981132075471698,0.7047619047619048,0.6481464613817555,0.2772858771380485,32,30,74,156
3,none,balanced,0.03,0.5,0.791095890410959,0.7272727272727273,0.6792452830188679,0.7024390243902439,0.6421389348600279,0.2793540418420301,34,27,72,159
4,none,balanced,0.03,0.55,0.797945205479452,0.7582417582417582,0.6509433962264151,0.700507614213198,0.6357869437711946,0.28595217863461,37,22,69,164
5,none,balanced,0.1,0.45,0.7773972602739726,0.6880733944954128,0.7075471698113207,0.6976744186046512,0.6411587823940764,0.2746598477993931,31,34,75,152
6,none,balanced,0.01,0.5,0.7842465753424658,0.7128712871287128,0.6792452830188679,0.6956521739130435,0.631386354107447,0.2665450473376133,34,29,72,157
7,none,none,0.03,0.4,0.7842465753424658,0.7128712871287128,0.6792452830188679,0.6956521739130435,0.6368801356881854,0.27743662087749765,34,29,72,157
8,none,balanced,0.3,0.45,0.7808219178082192,0.7019230769230769,0.6886792452830188,0.6952380952380952,0.6425240136540445,0.27838187308614537,33,31,73,155
9,none,none,0.03,0.5,0.8047945205479452,0.8024691358024691,0.6132075471698113,0.6951871657754011,0.6187011245834775,0.31087741254603923,41,16,65,170
10,none,none,0.1,0.35,0.773972602739726,0.6818181818181818,0.7075471698113207,0.6944444444444444,0.6386190998543938,0.2733523720090016,31,35,75,151
11,none,none,0.3,0.45,0.7876712328767124,0.7291666666666666,0.660377358490566,0.693069306930693,0.6465106633992083,0.28405932897230496,36,26,70,160
12,none,none,0.3,0.4,0.7808219178082192,0.7058823529411765,0.6792452830188679,0.6923076923076923,0.6393494104794414,0.2778163618149534,34,30,72,156
13,none,balanced,0.1,0.4,0.7705479452054794,0.6756756756756757,0.7075471698113207,0.6912442396313364,0.6367672480025421,0.2760595230314383,31,36,75,150
14,none,balanced,0.3,0.35,0.7636986301369864,0.6581196581196581,0.7264150943396226,0.6905829596412556,0.6309983872336813,0.2743366755229769,29,40,77,146
15,none,balanced,0.3,0.3,0.7602739726027398,0.65,0.7358490566037735,0.6902654867256637,0.6395439266615737,0.2576065377125719,28,42,78,144
16,none,none,0.1,0.45,0.7876712328767124,0.7340425531914894,0.6509433962264151,0.69,0.6386984366396132,0.2807374125986545,37,25,69,161
17,none,balanced,0.1,0.5,0.7808219178082192,0.71,0.6698113207547169,0.6893203883495146,0.6350781262081571,0.28132433145514174,35,29,71,157
18,none,none,0.01,0.4,0.7808219178082192,0.71,0.6698113207547169,0.6893203883495146,0.623305546026639,0.26718957281284483,35,29,71,157
19,none,none,1.0,0.35,0.773972602739726,0.6886792452830188,0.6886792452830188,0.6886792452830188,0.6398256009556319,0.2878952370067455,33,33,73,153
20,none,balanced,0.3,0.4,0.7705479452054794,0.6788990825688074,0.6981132075471698,0.6883720930232559,0.6391271882572191,0.28598416416424477,32,35,74,151
21,none,balanced,1.0,0.35,0.7671232876712328,0.6696428571428571,0.7075471698113207,0.6880733944954128,0.6347332488632798,0.2811090413153148,31,37,75,149
22,none,balanced,3.0,0.3,0.7671232876712328,0.6696428571428571,0.7075471698113207,0.6880733944954128,0.6347332488632798,0.2811090413153148,31,37,75,149
23,standard,balanced,1.0,0.35,0.7636986301369864,0.6608695652173913,0.7169811320754716,0.6877828054298643,0.6684899161800495,0.21904478323401674,30,39,76,147
24,standard,none,3.0,0.3,0.7636986301369864,0.6608695652173913,0.7169811320754716,0.6877828054298643,0.6684899161800495,0.21904478323401674,30,39,76,147
25,standard,none,0.03,0.3,0.726027397260274,0.5866666666666667,0.8301886792452831,0.6875,0.681158557350777,0.15258175814964461,18,62,88,124
26,standard,balanced,1.0,0.3,0.7568493150684932,0.6446280991735537,0.7358490566037735,0.6872246696035242,0.6745100124047492,0.2328071646764621,28,43,78,143
27,standard,balanced,0.3,0.35,0.7534246575342466,0.6370967741935484,0.7452830188679245,0.6869565217391305,0.6759568618515988,0.2273096229945161,27,45,79,141
28,none,balanced,0.1,0.55,0.7876712328767124,0.7391304347826086,0.6415094339622641,0.6868686868686869,0.6334345983107593,0.290432424410592,38,24,68,162
29,none,balanced,0.3,0.55,0.7876712328767124,0.7391304347826086,0.6415094339622641,0.6868686868686869,0.6382058401408248,0.2807657731472126,38,24,68,162
30,standard,balanced,0.01,0.55,0.7808219178082192,0.7142857142857143,0.660377358490566,0.6862745098039216,0.6561470773235478,0.2564479811805898,36,28,70,158
31,normalizer,none,10.0,0.4,0.7808219178082192,0.7142857142857143,0.660377358490566,0.6862745098039216,0.6165715392926323,0.27032133100779315,36,28,70,158
32,none,balanced,3.0,0.45,0.773972602739726,0.6923076923076923,0.6792452830188679,0.6857142857142857,0.6360700582527208,0.2841413131285364,34,32,72,154
33,none,balanced,1.0,0.4,0.7705479452054794,0.6822429906542056,0.6886792452830188,0.6854460093896714,0.6360160771461081,0.28536133510168044,33,34,73,152
34,none,balanced,3.0,0.4,0.7705479452054794,0.6822429906542056,0.6886792452830188,0.6854460093896714,0.6360160771461081,0.28536133510168044,33,34,73,152
35,none,none,3.0,0.35,0.7705479452054794,0.6822429906542056,0.6886792452830188,0.6854460093896714,0.6360160771461081,0.28536133510168044,33,34,73,152
36,none,balanced,0.03,0.45,0.7671232876712328,0.6727272727272727,0.6981132075471698,0.6851851851851852,0.6322698935051875,0.271514936907976,32,36,74,150
37,none,balanced,10.0,0.3,0.7671232876712328,0.6727272727272727,0.6981132075471698,0.6851851851851852,0.6336221377521686,0.28278722373749215,32,36,74,150
38,standard,balanced,0.3,0.4,0.7636986301369864,0.6637168141592921,0.7075471698113207,0.684931506849315,0.6600165268243071,0.2221138539025663,31,38,75,148
39,standard,balanced,10.0,0.3,0.7636986301369864,0.6637168141592921,0.7075471698113207,0.684931506849315,0.6679001247079049,0.22666896731695965,31,38,75,148
40,standard,none,1.0,0.3,0.7602739726027398,0.6551724137931034,0.7169811320754716,0.6846846846846847,0.6654398072475876,0.21717524413316877,30,40,76,146
41,none,none,0.1,0.3,0.7602739726027398,0.6551724137931034,0.7169811320754716,0.6846846846846847,0.6298023610376551,0.2764307209692277,30,40,76,146
42,standard,none,0.01,0.35,0.7191780821917808,0.577922077922078,0.839622641509434,0.6846153846153846,0.6833768115942028,0.14699097550171739,17,65,89,121
43,standard,balanced,0.01,0.35,0.7157534246575342,0.5732484076433121,0.8490566037735849,0.6844106463878327,0.6816591594592671,0.14422349311510188,16,67,90,119
44,none,balanced,0.1,0.35,0.7534246575342466,0.639344262295082,0.7358490566037735,0.6842105263157895,0.6322203134556076,0.2528681706991714,28,44,78,142
45,normalizer,balanced,10.0,0.4,0.7465753424657534,0.625,0.7547169811320755,0.6837606837606838,0.6399093313620167,0.24052699965534616,26,48,80,138
46,robust,none,0.01,0.45,0.7876712328767124,0.7444444444444445,0.6320754716981132,0.6836734693877551,0.6566697790227203,0.26387009146057383,39,23,67,163
47,standard,balanced,0.1,0.35,0.7431506849315068,0.6183206106870229,0.7641509433962265,0.6835443037974683,0.6774060085181367,0.18779788079943205,25,50,81,136
48,standard,none,0.03,0.55,0.7773972602739726,0.7070707070707071,0.660377358490566,0.6829268292682927,0.6497927837058272,0.24763360368071288,36,29,70,157
49,none,none,1.0,0.4,0.773972602739726,0.696078431372549,0.6698113207547169,0.6826923076923077,0.6329361551188176,0.279987622291546,35,31,71,155
50,standard,none,10.0,0.35,0.7671232876712328,0.6759259259259259,0.6886792452830188,0.6822429906542056,0.6599636167713971,0.2268521357781237,33,35,73,151
51,none,balanced,10.0,0.35,0.7671232876712328,0.6759259259259259,0.6886792452830188,0.6822429906542056,0.629955471085502,0.2784481971119521,33,35,73,151
52,none,none,0.3,0.35,0.7671232876712328,0.6759259259259259,0.6886792452830188,0.6822429906542056,0.6334129025429334,0.2835587039573059,33,35,73,151
53,none,none,10.0,0.3,0.7671232876712328,0.6759259259259259,0.6886792452830188,0.6822429906542056,0.629955471085502,0.2784481971119521,33,35,73,151
54,standard,balanced,0.03,0.3,0.7191780821917808,0.5789473684210527,0.8301886792452831,0.6821705426356589,0.6762727426823536,0.15272789375171358,18,64,88,122
55,standard,balanced,3.0,0.35,0.7636986301369864,0.6666666666666666,0.6981132075471698,0.6820276497695853,0.6658895426973229,0.22114564300040712,32,37,74,149
56,none,none,1.0,0.3,0.7636986301369864,0.6666666666666666,0.6981132075471698,0.6820276497695853,0.6297332488632797,0.2774340022380965,32,37,74,149
57,none,balanced,1.0,0.3,0.7602739726027398,0.6578947368421053,0.7075471698113207,0.6818181818181818,0.6278815041167981,0.27625926110471777,31,39,75,147
58,none,none,0.3,0.3,0.7602739726027398,0.6578947368421053,0.7075471698113207,0.6818181818181818,0.6262670075023016,0.273177773045595,31,39,75,147
59,standard,balanced,3.0,0.3,0.7568493150684932,0.6495726495726496,0.7169811320754716,0.6816143497757847,0.6633369371140269,0.22330420780034788,30,41,76,145
60,standard,none,0.3,0.35,0.7568493150684932,0.6495726495726496,0.7169811320754716,0.6816143497757847,0.6549329846355019,0.21727058943452315,30,41,76,145
61,standard,none,0.1,0.3,0.7363013698630136,0.6074074074074074,0.7735849056603774,0.6804979253112033,0.6735469252782484,0.18490853972940632,24,53,82,133
62,standard,none,0.1,0.55,0.7773972602739726,0.711340206185567,0.6509433962264151,0.6798029556650246,0.6514186432264234,0.23586463151342715,37,28,69,158
63,none,balanced,0.3,0.5,0.773972602739726,0.7,0.660377358490566,0.6796116504854369,0.6303762422647872,0.27292669460004176,36,30,70,156
64,none,balanced,1.0,0.45,0.7705479452054794,0.6893203883495146,0.6698113207547169,0.6794258373205742,0.629232451415114,0.2820812379304239,35,32,71,154
65,none,balanced,10.0,0.4,0.7671232876712328,0.6792452830188679,0.6792452830188679,0.6792452830188679,0.6316043124402257,0.2810889382627004,34,34,72,152
66,none,balanced,3.0,0.35,0.7636986301369864,0.6697247706422018,0.6886792452830188,0.6790697674418604,0.6286221377521687,0.279114376710839,33,36,73,150
67,none,none,3.0,0.3,0.7636986301369864,0.6697247706422018,0.6886792452830188,0.6790697674418604,0.6286221377521687,0.279114376710839,33,36,73,150
68,standard,none,1.0,0.35,0.7602739726027398,0.6607142857142857,0.6981132075471698,0.6788990825688074,0.6546803923705257,0.2195029393210782,32,38,74,148
69,standard,none,10.0,0.3,0.7602739726027398,0.6607142857142857,0.6981132075471698,0.6788990825688074,0.6624581701483033,0.21825481460495472,32,38,74,148
70,none,none,0.03,0.35,0.7602739726027398,0.6607142857142857,0.6981132075471698,0.6788990825688074,0.6238860551213492,0.2651131462586711,32,38,74,148
71,normalizer,balanced,10.0,0.3,0.6952054794520548,0.5497076023391813,0.8867924528301887,0.6787003610108303,0.6846590398478942,0.14505442979772656,12,77,94,109
72,none,none,0.03,0.3,0.7465753424657534,0.6290322580645161,0.7358490566037735,0.6782608695652174,0.6284931646826922,0.25229559557701686,28,46,78,140
73,none,balanced,0.01,0.4,0.7431506849315068,0.6220472440944882,0.7452830188679245,0.6781115879828327,0.6272458434811375,0.2548074106050841,27,48,79,138
74,standard,balanced,0.3,0.3,0.7363013698630136,0.6090225563909775,0.7641509433962265,0.6778242677824268,0.6793302051791754,0.16518629750124894,25,52,81,134
75,normalizer,balanced,3.0,0.45,0.7363013698630136,0.6090225563909775,0.7641509433962265,0.6778242677824268,0.6387478099242805,0.23732224792434944,25,52,81,134
76,none,none,0.01,0.45,0.791095890410959,0.7710843373493976,0.6037735849056604,0.6772486772486772,0.5987949196772727,0.3144746074644435,42,19,64,167
77,none,none,0.1,0.5,0.7876712328767124,0.7558139534883721,0.6132075471698113,0.6770833333333334,0.6223512600878329,0.28567779341276245,41,21,65,165
78,standard,balanced,0.03,0.6,0.7773972602739726,0.7157894736842105,0.6415094339622641,0.6766169154228856,0.648466567209332,0.25141339439888055,38,27,68,159
79,standard,balanced,0.1,0.6,0.773972602739726,0.7040816326530612,0.6509433962264151,0.6764705882352942,0.6490794619398738,0.23587580075977913,37,29,69,157
80,standard,none,0.3,0.55,0.773972602739726,0.7040816326530612,0.6509433962264151,0.6764705882352942,0.6475297543375346,0.23162725008531243,37,29,69,157
81,standard,balanced,1.0,0.55,0.7705479452054794,0.693069306930693,0.660377358490566,0.6763285024154589,0.6438260506338308,0.22685411357107396,36,31,70,155
82,standard,balanced,3.0,0.55,0.7705479452054794,0.693069306930693,0.660377358490566,0.6763285024154589,0.6428633875659047,0.2277003333607162,36,31,70,155
83,standard,balanced,10.0,0.55,0.7705479452054794,0.693069306930693,0.660377358490566,0.6763285024154589,0.6428633875659047,0.2277003333607162,36,31,70,155
84,standard,balanced,10.0,0.4,0.7636986301369864,0.6728971962616822,0.6792452830188679,0.676056338028169,0.6480588548666352,0.2265000995165751,34,35,72,151
85,standard,none,0.1,0.45,0.7636986301369864,0.6728971962616822,0.6792452830188679,0.676056338028169,0.6455689700238091,0.22384110008914404,34,35,72,151
86,standard,balanced,10.0,0.35,0.7602739726027398,0.6636363636363637,0.6886792452830188,0.6759259259259259,0.6547784315862119,0.224981157118215,33,37,73,149
87,standard,balanced,0.1,0.45,0.7568493150684932,0.6548672566371682,0.6981132075471698,0.6757990867579908,0.6458688387635757,0.22526933901997584,32,39,74,147
88,normalizer,balanced,10.0,0.45,0.7534246575342466,0.646551724137931,0.7075471698113207,0.6756756756756757,0.6157048996182122,0.26709377731445055,31,41,75,145
89,standard,none,0.3,0.3,0.7397260273972602,0.6171875,0.7452830188679245,0.6752136752136753,0.6635564273001344,0.22387211980732405,27,49,79,137
90,normalizer,none,3.0,0.35,0.7363013698630136,0.6106870229007634,0.7547169811320755,0.6751054852320675,0.636007398871849,0.23470966066960933,26,51,80,135
91,robust,balanced,0.01,0.35,0.7328767123287672,0.6044776119402985,0.7641509433962265,0.675,0.6696585200145573,0.20743863475866392,25,53,81,133
92,none,balanced,0.03,0.3,0.7294520547945206,0.5985401459854015,0.7735849056603774,0.6748971193415638,0.6273249767188385,0.2318226601629478,24,55,82,131
93,standard,balanced,0.1,0.3,0.726027397260274,0.5928571428571429,0.7830188679245284,0.6747967479674797,0.6705070022383254,0.1587668077099761,23,57,83,129
94,standard,balanced,0.03,0.35,0.7226027397260274,0.5874125874125874,0.7924528301886793,0.6746987951807228,0.6697540514853747,0.1529126699094235,22,59,84,127
95,none,balanced,0.01,0.35,0.7157534246575342,0.5771812080536913,0.8113207547169812,0.6745098039215687,0.6381061292047965,0.23710453403234552,20,63,86,123
96,none,none,0.1,0.55,0.7945205479452054,0.7948717948717948,0.5849056603773585,0.6739130434782609,0.6212494860448826,0.2770830028257686,44,16,62,170
97,standard,none,0.01,0.6,0.7876712328767124,0.7619047619047619,0.6037735849056604,0.6736842105263158,0.6086973048737755,0.3209362515743713,42,20,64,166
98,none,balanced,1.0,0.55,0.7773972602739726,0.7204301075268817,0.6320754716981132,0.6733668341708543,0.6279909478206692,0.26996603942062186,39,26,67,160
99,robust,balanced,0.01,0.5,0.773972602739726,0.7083333333333334,0.6415094339622641,0.6732673267326733,0.6520321655232142,0.2626773330023318,38,28,68,158
100,standard,balanced,0.3,0.6,0.7705479452054794,0.696969696969697,0.6509433962264151,0.6731707317073171,0.6416038284116087,0.22645587351491653,37,30,69,156
101,standard,none,1.0,0.55,0.7705479452054794,0.696969696969697,0.6509433962264151,0.6731707317073171,0.6416038284116087,0.22645587351491653,37,30,69,156
102,standard,none,3.0,0.55,0.7705479452054794,0.696969696969697,0.6509433962264151,0.6731707317073171,0.6416038284116087,0.22645587351491653,37,30,69,156
103,standard,none,10.0,0.55,0.7705479452054794,0.696969696969697,0.6509433962264151,0.6731707317073171,0.6382235829261,0.23715238879274608,37,30,69,156
104,normalizer,balanced,10.0,0.5,0.7705479452054794,0.696969696969697,0.6509433962264151,0.6731707317073171,0.6110867637768972,0.2558829363771886,37,30,69,156
105,none,balanced,1.0,0.5,0.7705479452054794,0.696969696969697,0.6509433962264151,0.6731707317073171,0.6253762422647872,0.2690589954785982,37,30,69,156
106,standard,none,10.0,0.5,0.7671232876712328,0.6862745098039216,0.660377358490566,0.6730769230769231,0.6409586256611427,0.2295965718022678,36,32,70,154
107,standard,none,1.0,0.45,0.7636986301369864,0.6761904761904762,0.6698113207547169,0.6729857819905213,0.6432083676632067,0.22448461261605554,35,34,71,152
108,none,none,10.0,0.35,0.7636986301369864,0.6761904761904762,0.6698113207547169,0.6729857819905213,0.62589002672594,0.27846653645861075,35,34,71,152
109,standard,balanced,3.0,0.4,0.7602739726027398,0.6666666666666666,0.6792452830188679,0.6728971962616822,0.645602714515758,0.22572244812907163,34,36,72,150
110,standard,none,0.3,0.4,0.7568493150684932,0.6576576576576577,0.6886792452830188,0.6728110599078341,0.6480869857771191,0.21909851271207012,33,38,73,148
111,standard,none,3.0,0.35,0.7568493150684932,0.6576576576576577,0.6886792452830188,0.6728110599078341,0.6505534082435414,0.21802514029392775,33,38,73,148
112,normalizer,none,10.0,0.35,0.75,0.6410256410256411,0.7075471698113207,0.672645739910314,0.612530296443609,0.2661846528636301,31,42,75,144
113,none,balanced,0.03,0.4,0.7465753424657534,0.6333333333333333,0.7169811320754716,0.672566371681416,0.624324491365412,0.24753053309165815,30,44,76,142
114,standard,balanced,0.1,0.4,0.7431506849315068,0.6260162601626016,0.7264150943396226,0.6724890829694323,0.6503483962431331,0.2215817863186798,29,46,77,140
115,normalizer,none,10.0,0.3,0.7328767123287672,0.6060606060606061,0.7547169811320755,0.6722689075630253,0.628490097001606,0.23577263239919993,26,52,80,134
116,none,none,0.01,0.3,0.7328767123287672,0.6060606060606061,0.7547169811320755,0.6722689075630253,0.6204685467038407,0.25298122175252646,26,52,80,134
117,robust,balanced,0.01,0.3,0.7157534246575342,0.5782312925170068,0.8018867924528302,0.6719367588932806,0.6673368347052556,0.21167890691720875,21,62,85,124
118,none,balanced,0.03,0.6,0.7945205479452054,0.8026315789473685,0.5754716981132075,0.6703296703296703,0.600048665931019,0.31123233927227695,45,15,61,171
119,normalizer,none,10.0,0.45,0.7876712328767124,0.7682926829268293,0.5943396226415094,0.6702127659574468,0.5926094384917915,0.3097060793998595,43,19,63,167
120,none,none,0.3,0.55,0.7842465753424658,0.7529411764705882,0.6037735849056604,0.6701570680628273,0.6177480854846584,0.27815613949965523,42,21,64,165
121,standard,balanced,0.01,0.6,0.7808219178082192,0.7386363636363636,0.6132075471698113,0.6701030927835051,0.6148161859926566,0.3055061692361636,41,23,65,163
122,none,none,0.3,0.5,0.7808219178082192,0.7386363636363636,0.6132075471698113,0.6701030927835051,0.6198344465991525,0.2819027397596547,41,23,65,163
123,none,balanced,3.0,0.6,0.7773972602739726,0.7252747252747253,0.6226415094339622,0.6700507614213198,0.6256517665341196,0.2719024815792552,40,25,66,161
124,none,none,1.0,0.5,0.7773972602739726,0.7252747252747253,0.6226415094339622,0.6700507614213198,0.6222351441701287,0.2700916065402824,40,25,66,161
125,none,none,3.0,0.5,0.7773972602739726,0.7252747252747253,0.6226415094339622,0.6700507614213198,0.6256517665341196,0.2719024815792552,40,25,66,161
126,none,none,10.0,0.55,0.7773972602739726,0.7252747252747253,0.6226415094339622,0.6700507614213198,0.6256517665341196,0.2719024815792552,40,25,66,161
127,standard,none,0.01,0.55,0.773972602739726,0.7127659574468085,0.6320754716981132,0.67,0.6137539149303856,0.30328306692449564,39,27,67,159
128,robust,balanced,0.03,0.45,0.7705479452054794,0.7010309278350515,0.6415094339622641,0.6699507389162561,0.6519585534291416,0.25097350455537626,38,29,68,157
129,none,none,1.0,0.45,0.7705479452054794,0.7010309278350515,0.6415094339622641,0.6699507389162561,0.6233249602135051,0.267834363928096,38,29,68,157
130,standard,balanced,0.3,0.5,0.7636986301369864,0.6796116504854369,0.660377358490566,0.6698564593301436,0.6379511068641502,0.22601104041826145,36,33,70,153
131,standard,balanced,3.0,0.5,0.7636986301369864,0.6796116504854369,0.660377358490566,0.6698564593301436,0.6385024853102655,0.2287532206829289,36,33,70,153
132,standard,balanced,10.0,0.45,0.7636986301369864,0.6796116504854369,0.660377358490566,0.6698564593301436,0.6385024853102655,0.2287532206829289,36,33,70,153
133,standard,balanced,10.0,0.5,0.7636986301369864,0.6796116504854369,0.660377358490566,0.6698564593301436,0.6385024853102655,0.2287532206829289,36,33,70,153
134,standard,none,0.03,0.5,0.7636986301369864,0.6796116504854369,0.660377358490566,0.6698564593301436,0.6404497354497355,0.2450057317125223,36,33,70,153
135,standard,none,3.0,0.5,0.7636986301369864,0.6796116504854369,0.660377358490566,0.6698564593301436,0.6385024853102655,0.2287532206829289,36,33,70,153
136,standard,none,10.0,0.45,0.7636986301369864,0.6796116504854369,0.660377358490566,0.6698564593301436,0.6385024853102655,0.2287532206829289,36,33,70,153
137,robust,balanced,0.1,0.35,0.7636986301369864,0.6796116504854369,0.660377358490566,0.6698564593301436,0.6587144928577153,0.20973190118439933,36,33,70,153
138,robust,none,0.01,0.4,0.7636986301369864,0.6796116504854369,0.660377358490566,0.6698564593301436,0.6478655587095484,0.2511875721721356,36,33,70,153
139,robust,none,0.1,0.3,0.7636986301369864,0.6796116504854369,0.660377358490566,0.6698564593301436,0.6587144928577153,0.20973190118439933,36,33,70,153
140,none,balanced,10.0,0.45,0.7636986301369864,0.6796116504854369,0.660377358490566,0.6698564593301436,0.6229952898838349,0.27454799953513215,36,33,70,153
141,standard,none,3.0,0.4,0.7602739726027398,0.6698113207547169,0.6698113207547169,0.6698113207547169,0.6414654482732285,0.2259150194320718,35,35,71,151
142,standard,none,10.0,0.4,0.7602739726027398,0.6698113207547169,0.6698113207547169,0.6698113207547169,0.6414654482732285,0.2259150194320718,35,35,71,151
143,robust,balanced,0.01,0.45,0.7602739726027398,0.6698113207547169,0.6698113207547169,0.6698113207547169,0.6536213623600887,0.21617663070631893,35,35,71,151
144,standard,balanced,0.03,0.5,0.7568493150684932,0.6605504587155964,0.6792452830188679,0.6697674418604651,0.6424418953366321,0.22816672425469314,34,37,72,149
145,standard,balanced,1.0,0.4,0.7568493150684932,0.6605504587155964,0.6792452830188679,0.6697674418604651,0.6428736696814499,0.22435121537903385,34,37,72,149
146,standard,none,0.01,0.45,0.7465753424657534,0.635593220338983,0.7075471698113207,0.6696428571428571,0.6440219819167187,0.22175905006704139,31,43,75,143
147,none,balanced,0.1,0.3,0.7363013698630136,0.6141732283464567,0.7358490566037735,0.6695278969957081,0.6187430793134117,0.24994895923881252,28,49,78,137
148,none,balanced,0.03,0.35,0.7328767123287672,0.6076923076923076,0.7452830188679245,0.6694915254237288,0.6176678386399748,0.24957964861459497,27,51,79,135
149,standard,balanced,0.03,0.4,0.7294520547945206,0.6015037593984962,0.7547169811320755,0.6694560669456067,0.6579014390135671,0.17440423318950346,26,53,80,133
150,standard,none,0.01,0.3,0.6952054794520548,0.5521472392638037,0.8490566037735849,0.6691449814126395,0.6676556504024534,0.1572534645803019,16,73,90,113
151,normalizer,none,3.0,0.3,0.6986301369863014,0.5569620253164557,0.8301886792452831,0.6666666666666666,0.6376608794255854,0.22424422413658074,18,70,88,116
152,normalizer,none,1.0,0.35,0.708904109589041,0.5704697986577181,0.8018867924528302,0.6666666666666666,0.6330760536333292,0.22634220309967032,21,64,85,122
153,standard,balanced,0.01,0.4,0.7157534246575342,0.5804195804195804,0.7830188679245284,0.6666666666666666,0.6515519651126058,0.18178588579768698,23,60,83,126
154,standard,balanced,0.01,0.45,0.7294520547945206,0.6030534351145038,0.7452830188679245,0.6666666666666666,0.6500867683041596,0.1792953786072682,27,52,79,134
155,standard,balanced,0.03,0.45,0.7431506849315068,0.6302521008403361,0.7075471698113207,0.6666666666666666,0.6459130494548452,0.21723372806571523,31,44,75,142
156,none,none,0.01,0.35,0.7431506849315068,0.6302521008403361,0.7075471698113207,0.6666666666666666,0.6166800290639299,0.2480265201304913,31,44,75,142
157,standard,none,0.03,0.45,0.7465753424657534,0.6379310344827587,0.6981132075471698,0.6666666666666666,0.6421364600311967,0.2103095796919192,32,42,74,144
158,robust,none,0.03,0.3,0.7534246575342466,0.6545454545454545,0.6792452830188679,0.6666666666666666,0.6571219249782985,0.2123423185492027,34,38,72,148
159,standard,none,0.01,0.5,0.7568493150684932,0.6635514018691588,0.6698113207547169,0.6666666666666666,0.6353519304414444,0.241996710228299,35,36,71,150
160,standard,balanced,1.0,0.5,0.7602739726027398,0.6730769230769231,0.660377358490566,0.6666666666666666,0.6360463449593883,0.22788027758326349,36,34,70,152
161,standard,none,3.0,0.45,0.7602739726027398,0.6730769230769231,0.660377358490566,0.6666666666666666,0.6368358186435988,0.23056871675504723,36,34,70,152
162,standard,balanced,0.03,0.55,0.7636986301369864,0.6831683168316832,0.6509433962264151,0.6666666666666666,0.6377879527879527,0.24138434487504112,37,32,69,154
163,standard,balanced,0.1,0.55,0.7636986301369864,0.6831683168316832,0.6509433962264151,0.6666666666666666,0.6368085067741818,0.2254922243972095,37,32,69,154
164,standard,balanced,0.3,0.55,0.7636986301369864,0.6831683168316832,0.6509433962264151,0.6666666666666666,0.6368085067741818,0.2254922243972095,37,32,69,154
165,standard,none,0.3,0.5,0.7636986301369864,0.6831683168316832,0.6509433962264151,0.6666666666666666,0.6372429261559696,0.22749037601824215,37,32,69,154
166,standard,none,1.0,0.5,0.7636986301369864,0.6831683168316832,0.6509433962264151,0.6666666666666666,0.6372429261559696,0.22749037601824215,37,32,69,154
167,none,none,3.0,0.4,0.7636986301369864,0.6831683168316832,0.6509433962264151,0.6666666666666666,0.6198206867092317,0.2737481977674658,37,32,69,154
168,none,none,10.0,0.4,0.7636986301369864,0.6831683168316832,0.6509433962264151,0.6666666666666666,0.6209440078325528,0.2733300925470709,37,32,69,154
169,standard,balanced,1.0,0.6,0.7671232876712328,0.6938775510204082,0.6415094339622641,0.6666666666666666,0.6335452203530006,0.23584937602501507,38,30,68,156
170,standard,balanced,3.0,0.6,0.7671232876712328,0.6938775510204082,0.6415094339622641,0.6666666666666666,0.6288218735243907,0.2523764320640768,38,30,68,156
171,standard,balanced,10.0,0.6,0.7671232876712328,0.6938775510204082,0.6415094339622641,0.6666666666666666,0.6288218735243907,0.2523764320640768,38,30,68,156
172,standard,none,0.3,0.6,0.7705479452054794,0.7052631578947368,0.6320754716981132,0.6666666666666666,0.6352792270870073,0.2463138181456938,39,28,67,158
173,none,balanced,10.0,0.6,0.773972602739726,0.717391304347826,0.6226415094339622,0.6666666666666666,0.6216113624937155,0.2708105022254069,40,26,66,160
174,robust,none,0.3,0.4,0.7773972602739726,0.7303370786516854,0.6132075471698113,0.6666666666666666,0.6390685832118058,0.2711941972949772,41,24,65,162
175,none,balanced,1.0,0.6,0.7773972602739726,0.7303370786516854,0.6132075471698113,0.6666666666666666,0.6214404223227754,0.27344057948922607,41,24,65,162
176,none,balanced,0.3,0.65,0.7842465753424658,0.7590361445783133,0.5943396226415094,0.6666666666666666,0.6141766569132299,0.27838392550671415,43,20,63,166
177,normalizer,balanced,10.0,0.55,0.7876712328767124,0.775,0.5849056603773585,0.6666666666666666,0.5910110368933897,0.3119718847793659,44,18,62,168
178,standard,none,0.03,0.35,0.7226027397260274,0.5925925925925926,0.7547169811320755,0.6639004149377593,0.6495908813222045,0.21749204474547126,26,55,80,131
179,standard,none,0.1,0.35,0.7328767123287672,0.6111111111111112,0.7264150943396226,0.6637931034482759,0.6423924061361131,0.21645245468843727,29,49,77,137
180,robust,balanced,0.03,0.3,0.7328767123287672,0.6111111111111112,0.7264150943396226,0.6637931034482759,0.6560955418850154,0.19810684852056903,29,49,77,137
181,robust,none,0.01,0.3,0.7328767123287672,0.6111111111111112,0.7264150943396226,0.6637931034482759,0.6595062508920363,0.21198230065703338,29,49,77,137
182,standard,none,0.03,0.4,0.7363013698630136,0.6178861788617886,0.7169811320754716,0.6637554585152838,0.6435435746557027,0.21906362034833413,30,47,76,139
183,standard,none,0.1,0.4,0.7431506849315068,0.6324786324786325,0.6981132075471698,0.6636771300448431,0.6391979949874688,0.21394606014290712,32,43,74,143
184,none,balanced,0.01,0.45,0.7431506849315068,0.6324786324786325,0.6981132075471698,0.6636771300448431,0.6058256873272353,0.26342066530575564,32,43,74,143
185,robust,balanced,0.03,0.35,0.7465753424657534,0.6403508771929824,0.6886792452830188,0.6636363636363637,0.6567159654930551,0.21039794003134069,33,41,73,145
186,standard,balanced,0.3,0.45,0.7534246575342466,0.6574074074074074,0.6698113207547169,0.6635514018691588,0.6362802630880433,0.22360767584689156,35,37,71,149
187,standard,none,1.0,0.4,0.7534246575342466,0.6574074074074074,0.6698113207547169,0.6635514018691588,0.6362802630880433,0.22360767584689156,35,37,71,149
188,standard,none,0.3,0.45,0.7568493150684932,0.6666666666666666,0.660377358490566,0.6635071090047393,0.6361908238035576,0.22308883093106396,36,35,70,151
189,robust,balanced,0.3,0.3,0.7568493150684932,0.6666666666666666,0.660377358490566,0.6635071090047393,0.6589577480545309,0.21261525212605428,36,35,70,151
190,standard,balanced,0.1,0.5,0.7602739726027398,0.6764705882352942,0.6509433962264151,0.6634615384615384,0.6349037448694198,0.2273561545721474,37,33,69,153
191,standard,none,0.1,0.5,0.7602739726027398,0.6764705882352942,0.6509433962264151,0.6634615384615384,0.6349037448694198,0.2273561545721474,37,33,69,153
192,robust,none,0.03,0.35,0.7602739726027398,0.6764705882352942,0.6509433962264151,0.6634615384615384,0.6484620608150019,0.20644056916030773,37,33,69,153
193,none,balanced,3.0,0.5,0.7636986301369864,0.6868686868686869,0.6415094339622641,0.6634146341463415,0.6178101046986496,0.2688332478474791,38,31,68,155
194,standard,balanced,10.0,0.65,0.7671232876712328,0.6979166666666666,0.6320754716981132,0.6633663366336634,0.6251366698391869,0.25757557941648435,39,29,67,157
195,standard,none,1.0,0.6,0.7671232876712328,0.6979166666666666,0.6320754716981132,0.6633663366336634,0.6313903381981184,0.2420000553727903,39,29,67,157
196,standard,none,3.0,0.6,0.7671232876712328,0.6979166666666666,0.6320754716981132,0.6633663366336634,0.6313903381981184,0.2420000553727903,39,29,67,157
197,robust,balanced,1.0,0.35,0.7671232876712328,0.6979166666666666,0.6320754716981132,0.6633663366336634,0.6471947054555751,0.225129035253686,39,29,67,157
198,standard,balanced,0.3,0.65,0.7705479452054794,0.7096774193548387,0.6226415094339622,0.6633165829145728,0.6302731220809024,0.2652759725686202,40,27,66,159
199,standard,balanced,1.0,0.65,0.7705479452054794,0.7096774193548387,0.6226415094339622,0.6633165829145728,0.6302731220809024,0.2652759725686202,40,27,66,159
200,none,balanced,3.0,0.55,0.7705479452054794,0.7096774193548387,0.6226415094339622,0.6633165829145728,0.6177224736048267,0.2666937425081387,40,27,66,159
201,none,none,10.0,0.5,0.7705479452054794,0.7096774193548387,0.6226415094339622,0.6633165829145728,0.6197595106418636,0.27342764576596934,40,27,66,159
202,robust,balanced,0.03,0.5,0.773972602739726,0.7222222222222222,0.6132075471698113,0.6632653061224489,0.6335210758740171,0.2717218562266498,41,25,65,161
203,robust,balanced,0.3,0.45,0.773972602739726,0.7222222222222222,0.6132075471698113,0.6632653061224489,0.636018474279344,0.2693534586890399,41,25,65,161
204,none,balanced,10.0,0.65,0.773972602739726,0.7222222222222222,0.6132075471698113,0.6632653061224489,0.6171669180492712,0.27058155837529885,41,25,65,161
205,none,none,3.0,0.55,0.773972602739726,0.7222222222222222,0.6132075471698113,0.6632653061224489,0.6171669180492712,0.27058155837529885,41,25,65,161
206,none,none,10.0,0.6,0.773972602739726,0.7222222222222222,0.6132075471698113,0.6632653061224489,0.6171669180492712,0.27058155837529885,41,25,65,161
207,robust,none,0.1,0.45,0.7773972602739726,0.735632183908046,0.6037735849056604,0.6632124352331606,0.6351802010625539,0.2738394310483404,42,23,64,163
208,none,balanced,0.3,0.6,0.7773972602739726,0.735632183908046,0.6037735849056604,0.6632124352331606,0.6141201608848668,0.2790470617030983,42,23,64,163
209,none,balanced,1.0,0.65,0.7773972602739726,0.735632183908046,0.6037735849056604,0.6632124352331606,0.6141201608848668,0.2790470617030983,42,23,64,163
210,none,none,1.0,0.55,0.7773972602739726,0.735632183908046,0.6037735849056604,0.6632124352331606,0.6141201608848668,0.2790470617030983,42,23,64,163
211,robust,balanced,0.01,0.55,0.7808219178082192,0.75,0.5943396226415094,0.6631578947368421,0.6311893988364576,0.2683169047125197,43,21,63,165
212,none,none,3.0,0.65,0.7808219178082192,0.75,0.5943396226415094,0.6631578947368421,0.6136190715602481,0.28235433806464455,43,21,63,165
213,none,balanced,0.01,0.55,0.7842465753424658,0.7654320987654321,0.5849056603773585,0.6631016042780749,0.5890145927916827,0.30787017323976007,44,19,62,167
214,none,balanced,1.0,0.7,0.7842465753424658,0.7654320987654321,0.5849056603773585,0.6631016042780749,0.611725676521073,0.28271748385386686,44,19,62,167
215,robust,balanced,0.01,0.6,0.7945205479452054,0.8194444444444444,0.5566037735849056,0.6629213483146067,0.6014640691266079,0.3141770757514868,47,13,59,173
216,normalizer,balanced,3.0,0.4,0.6952054794520548,0.554140127388535,0.8207547169811321,0.6615969581749049,0.6314393928511576,0.22532562314984797,19,70,87,116
217,standard,balanced,1.0,0.45,0.7534246575342466,0.660377358490566,0.660377358490566,0.660377358490566,0.6329090900574276,0.23140503273163923,36,36,70,150
218,standard,balanced,3.0,0.45,0.7534246575342466,0.660377358490566,0.660377358490566,0.660377358490566,0.6329090900574276,0.23140503273163923,36,36,70,150
219,standard,none,10.0,0.6,0.7636986301369864,0.6907216494845361,0.6320754716981132,0.6600985221674877,0.6207410654435825,0.2529751427912558,39,30,67,156
220,robust,none,0.3,0.3,0.7636986301369864,0.6907216494845361,0.6320754716981132,0.6600985221674877,0.6437633329065554,0.22200124614919525,39,30,67,156
221,robust,none,1.0,0.3,0.7636986301369864,0.6907216494845361,0.6320754716981132,0.6600985221674877,0.6437633329065554,0.22200124614919525,39,30,67,156
222,none,none,3.0,0.45,0.7636986301369864,0.6907216494845361,0.6320754716981132,0.6600985221674877,0.6157588226473675,0.2675495805204442,39,30,67,156
223,standard,none,0.1,0.6,0.7671232876712328,0.7021276595744681,0.6226415094339622,0.66,0.625877517685298,0.260897951323595,40,28,66,158
224,robust,balanced,0.3,0.4,0.7671232876712328,0.7021276595744681,0.6226415094339622,0.66,0.6399724832333529,0.23248383692756863,40,28,66,158
225,robust,balanced,3.0,0.35,0.7671232876712328,0.7021276595744681,0.6226415094339622,0.66,0.6403570986179682,0.23102479761157882,40,28,66,158
226,robust,none,0.3,0.35,0.7671232876712328,0.7021276595744681,0.6226415094339622,0.66,0.6399724832333529,0.23248383692756863,40,28,66,158
227,robust,none,3.0,0.3,0.7671232876712328,0.7021276595744681,0.6226415094339622,0.66,0.6403570986179682,0.23102479761157882,40,28,66,158
228,robust,balanced,1.0,0.4,0.7705479452054794,0.7142857142857143,0.6132075471698113,0.6598984771573604,0.6332406965015661,0.2692378923250241,41,26,65,160
229,robust,none,1.0,0.35,0.7705479452054794,0.7142857142857143,0.6132075471698113,0.6598984771573604,0.6332406965015661,0.2692378923250241,41,26,65,160
230,robust,balanced,0.1,0.5,0.773972602739726,0.7272727272727273,0.6037735849056604,0.6597938144329897,0.6343255002078532,0.2753164343499445,42,24,64,162
231,none,balanced,3.0,0.65,0.773972602739726,0.7272727272727273,0.6037735849056604,0.6597938144329897,0.6110700519524049,0.27698387118175966,42,24,64,162
232,none,none,3.0,0.6,0.773972602739726,0.7272727272727273,0.6037735849056604,0.6597938144329897,0.6110700519524049,0.27698387118175966,42,24,64,162
233,standard,balanced,0.03,0.65,0.7773972602739726,0.7411764705882353,0.5943396226415094,0.6596858638743456,0.6095174106938814,0.3037393189277846,43,22,63,164
234,none,balanced,3.0,0.7,0.7773972602739726,0.7411764705882353,0.5943396226415094,0.6596858638743456,0.6101876990112286,0.27945486573780576,43,22,63,164
235,none,none,1.0,0.6,0.7773972602739726,0.7411764705882353,0.5943396226415094,0.6596858638743456,0.6101876990112286,0.27945486573780576,43,22,63,164
236,none,balanced,0.1,0.6,0.7808219178082192,0.7560975609756098,0.5849056603773585,0.6595744680851063,0.6091859939813904,0.27578522901351027,44,20,62,166
237,none,none,10.0,0.7,0.7808219178082192,0.7560975609756098,0.5849056603773585,0.6595744680851063,0.6110793890205656,0.27666871851246144,44,20,62,166
238,robust,balanced,0.03,0.6,0.7842465753424658,0.7721518987341772,0.5754716981132075,0.6594594594594595,0.625956450956451,0.26732679144910754,45,18,61,168
239,normalizer,balanced,10.0,0.35,0.7054794520547946,0.5684931506849316,0.7830188679245284,0.6587301587301587,0.6239472024762104,0.22761958486132727,23,63,83,123
240,standard,balanced,0.01,0.5,0.7465753424657534,0.6454545454545455,0.6698113207547169,0.6574074074074074,0.6288648079360153,0.24023129120734732,35,39,71,147
241,standard,balanced,0.01,0.3,0.6746575342465754,0.5321637426900585,0.8584905660377359,0.6570397111913358,0.6545050200344318,0.15174316964971027,15,80,91,106
242,robust,balanced,0.1,0.4,0.7602739726027398,0.6836734693877551,0.6320754716981132,0.6568627450980392,0.6422818514250739,0.224865050671373,39,31,67,155
243,robust,balanced,0.3,0.35,0.7602739726027398,0.6836734693877551,0.6320754716981132,0.6568627450980392,0.6413123525143987,0.22239746554815967,39,31,67,155
244,standard,balanced,3.0,0.65,0.7636986301369864,0.6947368421052632,0.6226415094339622,0.6567164179104478,0.6204583072660875,0.2561374652881815,40,29,66,157
245,robust,balanced,10.0,0.3,0.7636986301369864,0.6947368421052632,0.6226415094339622,0.6567164179104478,0.6366533949142645,0.23367538000226618,40,29,66,157
246,robust,none,0.1,0.35,0.7636986301369864,0.6947368421052632,0.6226415094339622,0.6567164179104478,0.6424516224516225,0.23024555291158308,40,29,66,157
247,none,balanced,10.0,0.55,0.7636986301369864,0.6947368421052632,0.6226415094339622,0.6567164179104478,0.613419641360818,0.2693971951757587,40,29,66,157
248,standard,balanced,0.1,0.65,0.7671232876712328,0.7065217391304348,0.6132075471698113,0.6565656565656566,0.6191620109697913,0.2870576638235384,41,27,65,159
249,standard,none,1.0,0.65,0.7671232876712328,0.7065217391304348,0.6132075471698113,0.6565656565656566,0.6254800937584623,0.2632089993224576,41,27,65,159
250,robust,none,0.03,0.4,0.7671232876712328,0.7065217391304348,0.6132075471698113,0.6565656565656566,0.6296321869851282,0.267792125412129,41,27,65,159
251,standard,none,0.03,0.6,0.7705479452054794,0.7191011235955056,0.6037735849056604,0.6564102564102564,0.614413638190728,0.27857494950389877,42,25,64,161
252,robust,none,0.03,0.45,0.7705479452054794,0.7191011235955056,0.6037735849056604,0.6564102564102564,0.628128919011272,0.27103404844528495,42,25,64,161
253,robust,none,0.1,0.4,0.7705479452054794,0.7191011235955056,0.6037735849056604,0.6564102564102564,0.628128919011272,0.27103404844528495,42,25,64,161
254,standard,balanced,0.01,0.65,0.7773972602739726,0.7469879518072289,0.5849056603773585,0.656084656084656,0.5909988921753629,0.33534524812271055,44,21,62,165
255,none,none,1.0,0.65,0.7808219178082192,0.7625,0.5754716981132075,0.6559139784946236,0.6068237157367592,0.2796230990848643,45,19,61,167
256,none,none,3.0,0.7,0.7808219178082192,0.7625,0.5754716981132075,0.6559139784946236,0.6075286643828844,0.2719895269871252,45,19,61,167
257,none,balanced,0.01,0.3,0.6712328767123288,0.5290697674418605,0.8584905660377359,0.6546762589928058,0.6353910261278682,0.16071390337111,15,81,91,105
258,normalizer,balanced,1.0,0.5,0.7431506849315068,0.6396396396396397,0.6698113207547169,0.6543778801843319,0.607655358755103,0.24401093491738787,35,40,71,146
259,robust,balanced,1.0,0.3,0.7568493150684932,0.6767676767676768,0.6320754716981132,0.6536585365853659,0.6376086488106948,0.22516534978714153,39,32,67,154
260,robust,balanced,3.0,0.3,0.7568493150684932,0.6767676767676768,0.6320754716981132,0.6536585365853659,0.6376086488106948,0.22516534978714153,39,32,67,154
261,none,none,10.0,0.45,0.7602739726027398,0.6875,0.6226415094339622,0.6534653465346535,0.6106905965265099,0.26792169550475514,40,30,66,156
262,standard,none,3.0,0.65,0.7636986301369864,0.6989247311827957,0.6132075471698113,0.6532663316582915,0.6210844893628579,0.2587145921555767,41,28,65,158
263,standard,none,10.0,0.65,0.7636986301369864,0.6989247311827957,0.6132075471698113,0.6532663316582915,0.6215912048695734,0.25902951884642206,41,28,65,158
264,standard,none,10.0,0.7,0.7671232876712328,0.7111111111111111,0.6037735849056604,0.6530612244897959,0.6212614365986286,0.26139812245954225,42,26,64,160
265,robust,none,10.0,0.3,0.7671232876712328,0.7111111111111111,0.6037735849056604,0.6530612244897959,0.6294047176655873,0.23133393367828545,42,26,64,160
266,normalizer,none,3.0,0.4,0.7671232876712328,0.7111111111111111,0.6037735849056604,0.6530612244897959,0.579061864061864,0.28087264869188905,42,26,64,160
267,robust,balanced,0.3,0.5,0.7705479452054794,0.7241379310344828,0.5943396226415094,0.6528497409326425,0.6213030154462379,0.26584649159600743,43,24,63,162
268,robust,none,1.0,0.4,0.7705479452054794,0.7241379310344828,0.5943396226415094,0.6528497409326425,0.6213030154462379,0.26584649159600743,43,24,63,162
269,none,balanced,10.0,0.7,0.7705479452054794,0.7241379310344828,0.5943396226415094,0.6528497409326425,0.6049589408412939,0.27761961292463605,43,24,63,162
270,none,none,10.0,0.65,0.7705479452054794,0.7241379310344828,0.5943396226415094,0.6528497409326425,0.6049589408412939,0.27761961292463605,43,24,63,162
271,robust,balanced,0.03,0.55,0.773972602739726,0.7380952380952381,0.5849056603773585,0.6526315789473685,0.6259131609131608,0.2704680421132368,44,22,62,164
272,standard,none,0.01,0.65,0.7808219178082192,0.7692307692307693,0.5660377358490566,0.6521739130434783,0.5892715345656523,0.33407664075417143,46,18,60,168
273,robust,none,0.01,0.5,0.7808219178082192,0.7692307692307693,0.5660377358490566,0.6521739130434783,0.6072679058127974,0.27386912576462014,46,18,60,168
274,none,none,0.3,0.6,0.7808219178082192,0.7692307692307693,0.5660377358490566,0.6521739130434783,0.6017199306329741,0.2812223263659832,46,18,60,168
275,robust,balanced,0.01,0.4,0.7328767123287672,0.6186440677966102,0.6886792452830188,0.6517857142857143,0.6339249694284018,0.19270889497164898,33,45,73,141
276,robust,none,0.01,0.35,0.7397260273972602,0.6339285714285714,0.6698113207547169,0.6513761467889908,0.6325667725284092,0.20669097911141662,35,41,71,145
277,robust,balanced,0.03,0.4,0.7465753424657534,0.6509433962264151,0.6509433962264151,0.6509433962264151,0.6384799769710254,0.2070057850276405,37,37,69,149
278,normalizer,balanced,3.0,0.35,0.6506849315068494,0.510752688172043,0.8962264150943396,0.6506849315068494,0.6546489801907759,0.15113109320121282,11,91,95,95
279,normalizer,balanced,3.0,0.5,0.7568493150684932,0.6804123711340206,0.6226415094339622,0.6502463054187192,0.5809300262860634,0.26713079022186775,40,31,66,155
280,standard,balanced,1.0,0.7,0.7636986301369864,0.7032967032967034,0.6037735849056604,0.649746192893401,0.6202513355885276,0.2631178953115009,42,27,64,159
281,standard,balanced,3.0,0.7,0.7636986301369864,0.7032967032967034,0.6037735849056604,0.649746192893401,0.6202513355885276,0.2631178953115009,42,27,64,159
282,standard,none,0.3,0.65,0.7636986301369864,0.7032967032967034,0.6037735849056604,0.649746192893401,0.6143689826473512,0.28496179800357646,42,27,64,159
283,standard,none,1.0,0.7,0.7636986301369864,0.7032967032967034,0.6037735849056604,0.649746192893401,0.6202513355885276,0.2631178953115009,42,27,64,159
284,standard,none,3.0,0.7,0.7636986301369864,0.7032967032967034,0.6037735849056604,0.649746192893401,0.6202513355885276,0.2631178953115009,42,27,64,159
285,robust,balanced,0.1,0.45,0.7636986301369864,0.7032967032967034,0.6037735849056604,0.649746192893401,0.6242241092241093,0.2705393720592322,42,27,64,159
286,robust,balanced,1.0,0.45,0.7671232876712328,0.7159090909090909,0.5943396226415094,0.6494845360824743,0.6182529065137761,0.263763106444634,43,25,63,161
287,robust,balanced,3.0,0.4,0.7671232876712328,0.7159090909090909,0.5943396226415094,0.6494845360824743,0.6182529065137761,0.263763106444634,43,25,63,161
288,robust,none,3.0,0.35,0.7671232876712328,0.7159090909090909,0.5943396226415094,0.6494845360824743,0.6182529065137761,0.263763106444634,43,25,63,161
289,robust,balanced,0.1,0.55,0.7705479452054794,0.7294117647058823,0.5849056603773585,0.6492146596858639,0.6199913049913051,0.27266077013608586,44,23,62,163
290,robust,none,0.1,0.5,0.7705479452054794,0.7294117647058823,0.5849056603773585,0.6492146596858639,0.6174146332969863,0.2682870474159643,44,23,62,163
291,normalizer,balanced,1.0,0.45,0.6815068493150684,0.5408805031446541,0.8113207547169812,0.6490566037735849,0.6165550841275703,0.21920579068966178,20,73,86,113
292,robust,balanced,0.1,0.3,0.7363013698630136,0.6283185840707964,0.6698113207547169,0.6484018264840182,0.6420877816489607,0.20560582258525095,35,42,71,144
293,normalizer,balanced,3.0,0.55,0.7808219178082192,0.7763157894736842,0.5566037735849056,0.6483516483516484,0.5619858028681558,0.3214463710429452,47,17,59,169
294,none,balanced,0.1,0.65,0.7842465753424658,0.7945205479452054,0.5471698113207547,0.6480446927374302,0.5961033250163685,0.2881110316694626,48,15,58,171
295,standard,none,0.01,0.4,0.7054794520547946,0.572463768115942,0.7452830188679245,0.6475409836065574,0.6201090462211742,0.20846803390769508,27,59,79,127
296,none,balanced,10.0,0.5,0.7534246575342466,0.673469387755102,0.6226415094339622,0.6470588235294118,0.6033238891598025,0.26794263504910726,40,32,66,154
297,standard,balanced,10.0,0.7,0.7602739726027398,0.6956521739130435,0.6037735849056604,0.6464646464646465,0.6163624466996388,0.2588584034246017,42,28,64,158
298,robust,balanced,10.0,0.35,0.7636986301369864,0.7078651685393258,0.5943396226415094,0.6461538461538462,0.6230555113163809,0.23153098099911748,43,26,63,160
299,standard,none,0.1,0.7,0.7671232876712328,0.7209302325581395,0.5849056603773585,0.6458333333333334,0.6005184575772813,0.2953132430672877,44,24,62,162
300,robust,balanced,1.0,0.5,0.7671232876712328,0.7209302325581395,0.5849056603773585,0.6458333333333334,0.6149538090970316,0.265824537292759,44,24,62,162
301,robust,balanced,1.0,0.55,0.7671232876712328,0.7209302325581395,0.5849056603773585,0.6458333333333334,0.6149538090970316,0.265824537292759,44,24,62,162
302,robust,balanced,3.0,0.5,0.7671232876712328,0.7209302325581395,0.5849056603773585,0.6458333333333334,0.6149538090970316,0.265824537292759,44,24,62,162
303,robust,balanced,3.0,0.55,0.7671232876712328,0.7209302325581395,0.5849056603773585,0.6458333333333334,0.6149538090970316,0.265824537292759,44,24,62,162
304,robust,balanced,10.0,0.5,0.7671232876712328,0.7209302325581395,0.5849056603773585,0.6458333333333334,0.6149538090970316,0.265824537292759,44,24,62,162
305,robust,none,0.3,0.45,0.7671232876712328,0.7209302325581395,0.5849056603773585,0.6458333333333334,0.6165599324422854,0.2697381625679938,44,24,62,162
306,robust,none,1.0,0.45,0.7671232876712328,0.7209302325581395,0.5849056603773585,0.6458333333333334,0.6149538090970316,0.265824537292759,44,24,62,162
307,robust,none,3.0,0.45,0.7671232876712328,0.7209302325581395,0.5849056603773585,0.6458333333333334,0.6149538090970316,0.265824537292759,44,24,62,162
308,robust,none,10.0,0.45,0.7671232876712328,0.7209302325581395,0.5849056603773585,0.6458333333333334,0.6149538090970316,0.265824537292759,44,24,62,162
309,robust,none,0.03,0.5,0.7705479452054794,0.7349397590361446,0.5754716981132075,0.6455026455026455,0.6180806339629867,0.26468372308755483,45,22,61,164
310,standard,none,0.03,0.65,0.773972602739726,0.75,0.5660377358490566,0.6451612903225806,0.5821286774227951,0.32938541927687554,46,20,60,166
311,standard,none,0.03,0.7,0.7773972602739726,0.7662337662337663,0.5566037735849056,0.644808743169399,0.5802332525861938,0.3306100601769563,47,18,59,168
312,robust,none,0.01,0.55,0.7876712328767124,0.8235294117647058,0.5283018867924528,0.6436781609195402,0.5856126982752372,0.3051194119408297,50,12,56,174
313,standard,balanced,0.3,0.7,0.7602739726027398,0.7,0.5943396226415094,0.6428571428571429,0.6091402244774166,0.28467363981278115,43,27,63,159
314,standard,none,0.1,0.65,0.7602739726027398,0.7,0.5943396226415094,0.6428571428571429,0.5984959667743354,0.29341736628877363,43,27,63,159
315,standard,none,0.3,0.7,0.7602739726027398,0.7,0.5943396226415094,0.6428571428571429,0.6091402244774166,0.28467363981278115,43,27,63,159
316,standard,balanced,0.1,0.7,0.7636986301369864,0.7126436781609196,0.5849056603773585,0.6424870466321243,0.5989374299092971,0.29566707924096486,44,25,62,161
317,robust,balanced,3.0,0.45,0.7636986301369864,0.7126436781609196,0.5849056603773585,0.6424870466321243,0.6119037001645697,0.26366754125665,44,25,62,161
318,robust,balanced,10.0,0.4,0.7636986301369864,0.7126436781609196,0.5849056603773585,0.6424870466321243,0.6119037001645697,0.26366754125665,44,25,62,161
319,robust,balanced,10.0,0.45,0.7636986301369864,0.7126436781609196,0.5849056603773585,0.6424870466321243,0.6119037001645697,0.26366754125665,44,25,62,161
320,robust,none,3.0,0.4,0.7636986301369864,0.7126436781609196,0.5849056603773585,0.6424870466321243,0.6119037001645697,0.26366754125665,44,25,62,161
321,robust,none,10.0,0.35,0.7636986301369864,0.7126436781609196,0.5849056603773585,0.6424870466321243,0.6119037001645697,0.26366754125665,44,25,62,161
322,robust,none,10.0,0.4,0.7636986301369864,0.7126436781609196,0.5849056603773585,0.6424870466321243,0.6119037001645697,0.26366754125665,44,25,62,161
323,standard,balanced,0.03,0.7,0.773972602739726,0.7564102564102564,0.5566037735849056,0.6413043478260869,0.5802332525861938,0.3306100601769563,47,19,59,167
324,robust,balanced,0.3,0.55,0.7636986301369864,0.7176470588235294,0.5754716981132075,0.6387434554973822,0.610210726093079,0.26960484834867826,45,24,61,162
325,robust,balanced,10.0,0.55,0.7636986301369864,0.7176470588235294,0.5754716981132075,0.6387434554973822,0.5990807932240158,0.2749032103565837,45,24,61,162
326,robust,none,0.3,0.5,0.7636986301369864,0.7176470588235294,0.5754716981132075,0.6387434554973822,0.610210726093079,0.26960484834867826,45,24,61,162
327,robust,none,1.0,0.5,0.7636986301369864,0.7176470588235294,0.5754716981132075,0.6387434554973822,0.610210726093079,0.26960484834867826,45,24,61,162
328,robust,none,3.0,0.5,0.7636986301369864,0.7176470588235294,0.5754716981132075,0.6387434554973822,0.5990807932240158,0.2749032103565837,45,24,61,162
329,robust,none,10.0,0.5,0.7636986301369864,0.7176470588235294,0.5754716981132075,0.6387434554973822,0.5990807932240158,0.2749032103565837,45,24,61,162
330,standard,balanced,0.01,0.7,0.773972602739726,0.7631578947368421,0.5471698113207547,0.6373626373626373,0.574345806698748,0.3365195606758424,48,18,58,168
331,normalizer,balanced,0.3,0.5,0.7191780821917808,0.6,0.6792452830188679,0.6371681415929203,0.582753382725519,0.2652295673938538,34,48,72,138
332,robust,none,0.03,0.55,0.7773972602739726,0.7808219178082192,0.5377358490566038,0.6368715083798883,0.5992947792947793,0.28526829053996766,49,16,57,170
333,standard,none,0.01,0.7,0.7808219178082192,0.8,0.5283018867924528,0.6363636363636364,0.5709251635877024,0.33692439343173153,50,14,56,172
334,robust,balanced,0.3,0.6,0.7671232876712328,0.7375,0.5566037735849056,0.6344086021505376,0.6028734228734228,0.28894487222483894,47,21,59,165
335,robust,none,0.1,0.55,0.7705479452054794,0.7532467532467533,0.5471698113207547,0.6338797814207651,0.6000762200762201,0.2875204506200177,48,19,58,167
336,robust,balanced,3.0,0.6,0.7636986301369864,0.7283950617283951,0.5566037735849056,0.6310160427807486,0.5885732785732786,0.291715881945152,47,22,59,164
337,robust,balanced,10.0,0.6,0.7636986301369864,0.7283950617283951,0.5566037735849056,0.6310160427807486,0.5885732785732786,0.291715881945152,47,22,59,164
338,robust,none,3.0,0.55,0.7636986301369864,0.7283950617283951,0.5566037735849056,0.6310160427807486,0.5885732785732786,0.291715881945152,47,22,59,164
339,robust,balanced,0.1,0.6,0.7671232876712328,0.7435897435897436,0.5471698113207547,0.6304347826086957,0.596035816035816,0.28612708202627357,48,20,58,166
340,robust,balanced,3.0,0.65,0.7671232876712328,0.7435897435897436,0.5471698113207547,0.6304347826086957,0.591100751100751,0.2916115756410631,48,20,58,166
341,robust,balanced,10.0,0.65,0.7671232876712328,0.7435897435897436,0.5471698113207547,0.6304347826086957,0.591100751100751,0.2916115756410631,48,20,58,166
342,robust,none,0.3,0.55,0.7671232876712328,0.7435897435897436,0.5471698113207547,0.6304347826086957,0.5912739112739113,0.29971307863402086,48,20,58,166
343,robust,none,10.0,0.6,0.7671232876712328,0.7435897435897436,0.5471698113207547,0.6304347826086957,0.591100751100751,0.2916115756410631,48,20,58,166
344,none,none,0.01,0.5,0.7773972602739726,0.7971014492753623,0.5188679245283019,0.6285714285714286,0.5518607318607318,0.3241135170776999,51,14,55,172
345,robust,none,10.0,0.55,0.7602739726027398,0.7195121951219512,0.5566037735849056,0.6276595744680851,0.5852399452399452,0.28955862939725224,47,23,59,163
346,robust,none,1.0,0.55,0.7636986301369864,0.7341772151898734,0.5471698113207547,0.6270270270270271,0.587000407000407,0.2966727579302087,48,21,58,165
347,robust,balanced,0.1,0.65,0.7705479452054794,0.7671232876712328,0.5283018867924528,0.6256983240223464,0.5797587597587597,0.2908892988264184,50,17,56,169
348,none,balanced,0.3,0.7,0.7705479452054794,0.7671232876712328,0.5283018867924528,0.6256983240223464,0.5683072322202758,0.3068519596506199,50,17,56,169
349,robust,balanced,0.03,0.65,0.7773972602739726,0.8059701492537313,0.5094339622641509,0.6242774566473989,0.5752708179333568,0.2941861623722328,52,13,54,173
350,normalizer,balanced,3.0,0.3,0.5958904109589042,0.47115384615384615,0.9245283018867925,0.6242038216560509,0.6318634922529337,0.16445191817256585,8,110,98,76
351,robust,balanced,1.0,0.6,0.7602739726027398,0.725,0.5471698113207547,0.6236559139784946,0.5836670736670737,0.2945340108829671,48,22,58,164
352,robust,balanced,10.0,0.7,0.7636986301369864,0.7402597402597403,0.5377358490566038,0.6229508196721312,0.584030044030044,0.2869002062785679,49,20,57,166
353,robust,none,3.0,0.6,0.7636986301369864,0.7402597402597403,0.5377358490566038,0.6229508196721312,0.5861945461945461,0.2944728161169763,49,20,57,166
354,robust,none,10.0,0.65,0.7636986301369864,0.7402597402597403,0.5377358490566038,0.6229508196721312,0.584030044030044,0.2869002062785679,49,20,57,166
355,normalizer,balanced,10.0,0.6,0.773972602739726,0.7941176470588235,0.5094339622641509,0.6206896551724138,0.5431305731305731,0.3242413475299755,52,14,54,172
356,normalizer,none,10.0,0.5,0.773972602739726,0.7941176470588235,0.5094339622641509,0.6206896551724138,0.5452673252673252,0.32173953160817914,52,14,54,172
357,none,balanced,0.01,0.6,0.773972602739726,0.7941176470588235,0.5094339622641509,0.6206896551724138,0.5425750175750176,0.3259451654040879,52,14,54,172
358,robust,balanced,1.0,0.7,0.7636986301369864,0.7466666666666667,0.5283018867924528,0.6187845303867403,0.5791238391238391,0.28968823944240923,50,19,56,167
359,robust,none,0.3,0.6,0.7636986301369864,0.7466666666666667,0.5283018867924528,0.6187845303867403,0.5791238391238391,0.28968823944240923,50,19,56,167
360,robust,none,0.1,0.6,0.7671232876712328,0.7638888888888888,0.5188679245283019,0.6179775280898876,0.5746793946793946,0.28528216695462366,51,17,55,169
361,robust,balanced,0.01,0.65,0.773972602739726,0.803030303030303,0.5,0.6162790697674418,0.5564063490688879,0.33079313157606527,53,13,53,173
362,robust,none,0.03,0.6,0.773972602739726,0.803030303030303,0.5,0.6162790697674418,0.5530485957111345,0.3228186107887054,53,13,53,173
363,normalizer,none,1.0,0.4,0.7397260273972602,0.6630434782608695,0.5754716981132075,0.6161616161616161,0.5533047235988413,0.28064368148415997,45,31,61,155
364,robust,balanced,0.3,0.65,0.7602739726027398,0.7368421052631579,0.5283018867924528,0.6153846153846154,0.5791238391238391,0.28968823944240923,50,20,56,166
365,robust,balanced,1.0,0.65,0.7602739726027398,0.7368421052631579,0.5283018867924528,0.6153846153846154,0.5791238391238391,0.28968823944240923,50,20,56,166
366,robust,balanced,3.0,0.7,0.7602739726027398,0.7368421052631579,0.5283018867924528,0.6153846153846154,0.5791238391238391,0.28968823944240923,50,20,56,166
367,robust,none,1.0,0.6,0.7602739726027398,0.7368421052631579,0.5283018867924528,0.6153846153846154,0.5791238391238391,0.28968823944240923,50,20,56,166
368,robust,none,3.0,0.65,0.7602739726027398,0.7368421052631579,0.5283018867924528,0.6153846153846154,0.5791238391238391,0.28968823944240923,50,20,56,166
369,normalizer,none,1.0,0.3,0.5993150684931506,0.4720812182741117,0.8773584905660378,0.6138613861386139,0.5998663926610479,0.15856812004594317,13,104,93,82
370,normalizer,none,0.3,0.35,0.6198630136986302,0.4861878453038674,0.8301886792452831,0.6132404181184669,0.5882398987492756,0.2048547316940323,18,93,88,93
371,normalizer,balanced,1.0,0.4,0.589041095890411,0.46534653465346537,0.8867924528301887,0.6103896103896104,0.5955991181299426,0.15091847014406573,12,108,94,78
372,robust,none,0.3,0.65,0.7636986301369864,0.7605633802816901,0.5094339622641509,0.6101694915254238,0.568965108965109,0.2815456712635326,52,17,54,169
373,normalizer,none,3.0,0.45,0.7636986301369864,0.7605633802816901,0.5094339622641509,0.6101694915254238,0.533597240965662,0.30435502958799976,52,17,54,169
374,none,none,0.3,0.65,0.7671232876712328,0.7794117647058824,0.5,0.6091954022988506,0.551664985578029,0.3102332986585792,53,15,53,171
375,normalizer,balanced,1.0,0.35,0.5547945205479452,0.4469026548672566,0.9528301886792453,0.608433734939759,0.6193633501732392,0.15608045414401286,5,125,101,61
376,robust,none,1.0,0.65,0.7568493150684932,0.7333333333333333,0.5188679245283019,0.6077348066298343,0.5734095534095534,0.2860980949725874,51,20,55,166
377,robust,balanced,0.3,0.7,0.7602739726027398,0.75,0.5094339622641509,0.6067415730337079,0.568965108965109,0.2815456712635326,52,18,54,168
378,none,none,1.0,0.7,0.7602739726027398,0.75,0.5094339622641509,0.6067415730337079,0.5533011272141707,0.29658201553046437,52,18,54,168
379,normalizer,balanced,0.1,0.5,0.678082191780822,0.5454545454545454,0.6792452830188679,0.6050420168067226,0.5478471878998195,0.2462280599025266,34,60,72,126
380,robust,none,0.1,0.65,0.7671232876712328,0.7878787878787878,0.49056603773584906,0.6046511627906976,0.5508325982010193,0.2902246814853691,54,14,52,172
381,none,none,0.03,0.55,0.7671232876712328,0.7878787878787878,0.49056603773584906,0.6046511627906976,0.5348717948717948,0.32771635407679683,54,14,52,172
382,none,none,0.1,0.6,0.7671232876712328,0.7878787878787878,0.49056603773584906,0.6046511627906976,0.5341983941983942,0.3338504416698857,54,14,52,172
383,robust,none,3.0,0.7,0.7568493150684932,0.7397260273972602,0.5094339622641509,0.6033519553072626,0.5675487475487475,0.28108218542416474,52,19,54,167
384,normalizer,balanced,0.3,0.45,0.5753424657534246,0.45588235294117646,0.8773584905660378,0.6,0.571696084010348,0.20176087698716477,13,111,93,75
385,normalizer,balanced,0.03,0.5,0.6575342465753424,0.5208333333333334,0.7075471698113207,0.6,0.5526476476719886,0.24212742097197112,31,69,75,117
386,robust,none,10.0,0.7,0.7534246575342466,0.7297297297297297,0.5094339622641509,0.6,0.5675487475487475,0.28108218542416474,52,20,54,166
387,robust,balanced,0.1,0.7,0.7602739726027398,0.7647058823529411,0.49056603773584906,0.5977011494252874,0.5457660857660858,0.2884437826125754,54,16,52,170
388,none,balanced,0.03,0.65,0.7636986301369864,0.7846153846153846,0.4811320754716981,0.5964912280701754,0.5278876678876678,0.3287892801888526,55,14,51,172
389,none,balanced,0.1,0.7,0.7636986301369864,0.7846153846153846,0.4811320754716981,0.5964912280701754,0.5267909867909867,0.32453586620861186,55,14,51,172
390,robust,none,1.0,0.7,0.7534246575342466,0.7361111111111112,0.5,0.5955056179775281,0.5618344618344618,0.27714211530849536,53,19,53,167
391,robust,balanced,0.03,0.7,0.7636986301369864,0.7936507936507936,0.4716981132075472,0.591715976331361,0.5236113662739049,0.3181010083235766,56,13,50,173
392,robust,none,0.1,0.7,0.7636986301369864,0.7936507936507936,0.4716981132075472,0.591715976331361,0.5399727826353213,0.2857657357467238,56,13,50,173
393,normalizer,none,0.3,0.3,0.5034246575342466,0.42168674698795183,0.9905660377358491,0.5915492957746479,0.6088336355003021,0.1279571436310147,1,144,105,42
394,normalizer,none,0.1,0.35,0.5102739726027398,0.42386831275720166,0.9716981132075472,0.5902578796561605,0.6035345359220264,0.11390173478223571,3,140,103,46
395,robust,none,0.01,0.6,0.7636986301369864,0.8032786885245902,0.46226415094339623,0.5868263473053892,0.5185756612382,0.3181706149536205,57,12,49,174
396,robust,none,0.03,0.65,0.7636986301369864,0.8032786885245902,0.46226415094339623,0.5868263473053892,0.5165406592031979,0.31226314779415093,57,12,49,174
397,normalizer,none,10.0,0.55,0.7636986301369864,0.8032786885245902,0.46226415094339623,0.5868263473053892,0.5093861693861693,0.3340879969649706,57,12,49,174
398,normalizer,balanced,0.01,0.5,0.613013698630137,0.47904191616766467,0.7547169811320755,0.5860805860805861,0.5417316192297122,0.2451593637823892,26,87,80,99
399,normalizer,balanced,1.0,0.3,0.4897260273972603,0.4150197628458498,0.9905660377358491,0.584958217270195,0.5945247774233281,0.1044444418663468,1,148,105,38
400,robust,none,0.3,0.7,0.7568493150684932,0.7692307692307693,0.4716981132075472,0.5847953216374269,0.5328239401923612,0.2784203141987272,56,15,50,171
401,none,none,0.01,0.55,0.7602739726027398,0.7903225806451613,0.46226415094339623,0.5833333333333334,0.4962115662115662,0.3383872249280284,57,13,49,173
402,normalizer,balanced,0.3,0.4,0.4828767123287671,0.4117647058823529,0.9905660377358491,0.5817174515235457,0.5933684243829173,0.10677632603835735,1,150,105,36
403,none,none,0.1,0.65,0.7568493150684932,0.7777777777777778,0.46226415094339623,0.5798816568047337,0.5057694157694157,0.33480479656178,57,14,49,172
404,normalizer,none,0.3,0.4,0.7363013698630136,0.6883116883116883,0.5,0.5792349726775956,0.502291305186042,0.30709376522699616,53,24,53,162
405,none,balanced,0.01,0.65,0.7534246575342466,0.7741935483870968,0.4528301886792453,0.5714285714285714,0.4897517297517297,0.34273999852485576,58,14,48,172
406,none,none,0.3,0.7,0.7534246575342466,0.7741935483870968,0.4528301886792453,0.5714285714285714,0.5006900506900507,0.328803808723631,58,14,48,172
407,robust,balanced,0.01,0.7,0.7534246575342466,0.7931034482758621,0.4339622641509434,0.5609756097560976,0.48333756600010463,0.3191516596116213,60,12,46,174
408,normalizer,balanced,3.0,0.6,0.7534246575342466,0.7931034482758621,0.4339622641509434,0.5609756097560976,0.49124283124283125,0.32216381779520437,60,12,46,174
409,normalizer,balanced,10.0,0.65,0.7534246575342466,0.7931034482758621,0.4339622641509434,0.5609756097560976,0.47653235653235654,0.3585622939866856,60,12,46,174
410,normalizer,none,3.0,0.5,0.7534246575342466,0.7931034482758621,0.4339622641509434,0.5609756097560976,0.49423352246881663,0.3222255167912722,60,12,46,174
411,normalizer,balanced,1.0,0.55,0.7465753424657534,0.7580645161290323,0.44339622641509435,0.5595238095238095,0.476636304871599,0.3294834535491607,59,15,47,171
412,none,balanced,0.03,0.7,0.75,0.7796610169491526,0.4339622641509434,0.5575757575757576,0.48116069116069116,0.337036253326754,60,13,46,173
413,none,none,0.03,0.6,0.75,0.7796610169491526,0.4339622641509434,0.5575757575757576,0.48116069116069116,0.337036253326754,60,13,46,173
414,normalizer,balanced,0.1,0.45,0.4246575342465753,0.3860294117647059,0.9905660377358491,0.5555555555555556,0.5587512755628697,0.07476275562606988,1,167,105,19
415,none,none,0.1,0.7,0.7431506849315068,0.7627118644067796,0.42452830188679247,0.5454545454545454,0.4759259259259259,0.3268380055562571,61,14,45,172
416,none,none,0.03,0.65,0.7431506849315068,0.7719298245614035,0.41509433962264153,0.5398773006134969,0.4662422762422762,0.3288071860643689,62,13,44,173
417,normalizer,balanced,0.3,0.35,0.3732876712328767,0.36678200692041524,1.0,0.5367088607594936,0.5346373320166423,0.059887223681507326,0,183,106,3
418,robust,none,0.01,0.65,0.7431506849315068,0.7818181818181819,0.4056603773584906,0.5341614906832298,0.4563662916604093,0.31898054270484094,63,12,43,174
419,robust,none,0.03,0.7,0.7431506849315068,0.7818181818181819,0.4056603773584906,0.5341614906832298,0.4576761903387291,0.3124955511947513,63,12,43,174
420,normalizer,balanced,0.01,0.3,0.363013698630137,0.363013698630137,1.0,0.5326633165829145,0.5305161198954302,0.05851811164819757,0,186,106,0
421,normalizer,balanced,0.01,0.35,0.363013698630137,0.363013698630137,1.0,0.5326633165829145,0.5305161198954302,0.05851811164819757,0,186,106,0
422,normalizer,balanced,0.01,0.4,0.363013698630137,0.363013698630137,1.0,0.5326633165829145,0.5305161198954302,0.05851811164819757,0,186,106,0
423,normalizer,balanced,0.01,0.45,0.363013698630137,0.363013698630137,1.0,0.5326633165829145,0.5305161198954302,0.05851811164819757,0,186,106,0
424,normalizer,balanced,0.03,0.3,0.363013698630137,0.363013698630137,1.0,0.5326633165829145,0.5305161198954302,0.05851811164819757,0,186,106,0
425,normalizer,balanced,0.03,0.35,0.363013698630137,0.363013698630137,1.0,0.5326633165829145,0.5305161198954302,0.05851811164819757,0,186,106,0
426,normalizer,balanced,0.03,0.4,0.363013698630137,0.363013698630137,1.0,0.5326633165829145,0.5305161198954302,0.05851811164819757,0,186,106,0
427,normalizer,balanced,0.03,0.45,0.363013698630137,0.363013698630137,1.0,0.5326633165829145,0.5305161198954302,0.05851811164819757,0,186,106,0
428,normalizer,balanced,0.1,0.3,0.363013698630137,0.363013698630137,1.0,0.5326633165829145,0.5305161198954302,0.05851811164819757,0,186,106,0
429,normalizer,balanced,0.1,0.35,0.363013698630137,0.363013698630137,1.0,0.5326633165829145,0.5305161198954302,0.05851811164819757,0,186,106,0
430,normalizer,balanced,0.1,0.4,0.363013698630137,0.363013698630137,1.0,0.5326633165829145,0.5305161198954302,0.05851811164819757,0,186,106,0
431,normalizer,balanced,0.3,0.3,0.363013698630137,0.363013698630137,1.0,0.5326633165829145,0.5305161198954302,0.05851811164819757,0,186,106,0
432,normalizer,none,0.01,0.3,0.363013698630137,0.363013698630137,1.0,0.5326633165829145,0.5305161198954302,0.05851811164819757,0,186,106,0
433,normalizer,none,0.01,0.35,0.363013698630137,0.363013698630137,1.0,0.5326633165829145,0.5305161198954302,0.05851811164819757,0,186,106,0
434,normalizer,none,0.01,0.4,0.363013698630137,0.363013698630137,1.0,0.5326633165829145,0.5305161198954302,0.05851811164819757,0,186,106,0
435,normalizer,none,0.03,0.3,0.363013698630137,0.363013698630137,1.0,0.5326633165829145,0.5305161198954302,0.05851811164819757,0,186,106,0
436,normalizer,none,0.03,0.35,0.363013698630137,0.363013698630137,1.0,0.5326633165829145,0.5305161198954302,0.05851811164819757,0,186,106,0
437,normalizer,none,0.1,0.3,0.363013698630137,0.363013698630137,1.0,0.5326633165829145,0.5305161198954302,0.05851811164819757,0,186,106,0
438,normalizer,none,1.0,0.45,0.7397260273972602,0.8,0.37735849056603776,0.5128205128205128,0.43568209568209576,0.33448857600115656,66,10,40,176
439,normalizer,none,0.03,0.4,0.6678082191780822,0.5494505494505495,0.4716981132075472,0.5076142131979695,0.4529013143719027,0.2663233297343194,56,41,50,145
440,none,none,0.01,0.6,0.7328767123287672,0.7692307692307693,0.37735849056603776,0.5063291139240507,0.4353047926732137,0.3390323533371393,66,12,40,174
441,normalizer,balanced,10.0,0.7,0.7294520547945206,0.7872340425531915,0.3490566037735849,0.48366013071895425,0.4107640289993231,0.34379003569973365,69,10,37,176
442,none,balanced,0.01,0.7,0.7226027397260274,0.7551020408163265,0.3490566037735849,0.4774193548387097,0.4019714593398804,0.35522595392663625,69,12,37,174
443,none,none,0.03,0.7,0.7226027397260274,0.7551020408163265,0.3490566037735849,0.4774193548387097,0.4114375488059699,0.33020989776538767,69,12,37,174
444,normalizer,none,10.0,0.6,0.726027397260274,0.782608695652174,0.33962264150943394,0.47368421052631576,0.4010670593023535,0.3419003451762054,70,10,36,176
445,normalizer,balanced,3.0,0.65,0.726027397260274,0.8095238095238095,0.32075471698113206,0.4594594594594595,0.37536241536241544,0.36861708591256936,72,8,34,178
446,normalizer,balanced,0.3,0.55,0.7397260273972602,0.9411764705882353,0.3018867924528302,0.45714285714285713,0.3692063492063492,0.35336570538680206,74,2,32,184
447,robust,none,0.01,0.7,0.7226027397260274,0.7906976744186046,0.32075471698113206,0.4563758389261745,0.3831825364178305,0.30275064671422575,72,9,34,177
448,normalizer,none,10.0,0.65,0.7226027397260274,0.8048780487804879,0.3113207547169811,0.4489795918367347,0.372976652976653,0.35176236603791233,73,8,33,178
449,normalizer,none,3.0,0.55,0.726027397260274,0.8421052631578947,0.3018867924528302,0.4444444444444444,0.3648492248492249,0.36910700206072505,74,6,32,180
450,none,none,0.01,0.65,0.7157534246575342,0.7674418604651163,0.3113207547169811,0.4429530201342282,0.3769822552175493,0.3416167448606162,73,10,33,176
451,normalizer,balanced,1.0,0.6,0.7328767123287672,0.9117647058823529,0.29245283018867924,0.44285714285714284,0.3507647907647907,0.3660865186461947,75,3,31,183
452,none,none,0.01,0.7,0.702054794520548,0.7878787878787878,0.24528301886792453,0.37410071942446044,0.3078484478484479,0.35630769267734197,80,7,26,179
453,normalizer,none,1.0,0.5,0.7123287671232876,0.8928571428571429,0.2358490566037736,0.373134328358209,0.2814814814814815,0.3615619218330602,81,3,25,183
454,normalizer,none,0.1,0.4,0.6883561643835616,0.6923076923076923,0.25471698113207547,0.3724137931034483,0.2967569467569468,0.31863307264937746,79,12,27,174
455,normalizer,balanced,3.0,0.7,0.702054794520548,0.8064516129032258,0.2358490566037736,0.36496350364963503,0.29323713323713324,0.3619852759069177,81,6,25,180
456,normalizer,none,10.0,0.7,0.702054794520548,0.8064516129032258,0.2358490566037736,0.36496350364963503,0.2975920375920377,0.3627490986830319,81,6,25,180
457,normalizer,none,3.0,0.6,0.7054794520547946,0.8571428571428571,0.22641509433962265,0.3582089552238806,0.2823280423280423,0.36216497962555155,82,4,24,182
458,normalizer,balanced,1.0,0.65,0.7054794520547946,0.9545454545454546,0.19811320754716982,0.328125,0.2498005698005698,0.35815324168754137,85,1,21,185
459,normalizer,none,0.3,0.45,0.6986301369863014,0.9090909090909091,0.18867924528301888,0.3125,0.24296296296296296,0.3194869000236068,86,2,20,184
460,normalizer,none,3.0,0.65,0.6917808219178082,0.9,0.16981132075471697,0.2857142857142857,0.2274074074074074,0.32687236322169305,88,2,18,184
461,normalizer,none,1.0,0.55,0.6917808219178082,0.9444444444444444,0.16037735849056603,0.27419354838709675,0.2108080808080808,0.328867637612877,89,1,17,185
462,normalizer,none,3.0,0.7,0.678082191780822,0.875,0.1320754716981132,0.22950819672131148,0.18555555555555556,0.2944465408730399,92,2,14,184
463,normalizer,balanced,1.0,0.7,0.6746575342465754,1.0,0.10377358490566038,0.18803418803418803,0.1514285714285714,0.2534994350109137,95,0,11,186
464,normalizer,balanced,0.3,0.6,0.6712328767123288,1.0,0.09433962264150944,0.1724137931034483,0.13885521885521887,0.23097010916930985,96,0,10,186
465,normalizer,none,1.0,0.6,0.660958904109589,1.0,0.0660377358490566,0.12389380530973451,0.10809523809523809,0.20228064741210497,99,0,7,186
466,normalizer,balanced,0.1,0.55,0.6438356164383562,1.0,0.018867924528301886,0.037037037037037035,0.035555555555555556,0.09386094258641278,104,0,2,186
467,normalizer,none,0.3,0.5,0.6438356164383562,1.0,0.018867924528301886,0.037037037037037035,0.035555555555555556,0.09386094258641278,104,0,2,186
468,normalizer,balanced,0.3,0.65,0.6404109589041096,1.0,0.009433962264150943,0.018691588785046728,0.013333333333333334,0.049888765156985884,105,0,1,186
469,normalizer,none,0.1,0.45,0.6404109589041096,1.0,0.009433962264150943,0.018691588785046728,0.02222222222222222,0.08314794192830981,105,0,1,186
470,normalizer,none,1.0,0.65,0.6404109589041096,1.0,0.009433962264150943,0.018691588785046728,0.013333333333333334,0.049888765156985884,105,0,1,186
471,normalizer,balanced,0.01,0.55,0.636986301369863,0.0,0.0,0.0,0.0,0.0,106,0,0,186
472,normalizer,balanced,0.01,0.6,0.636986301369863,0.0,0.0,0.0,0.0,0.0,106,0,0,186
473,normalizer,balanced,0.01,0.65,0.636986301369863,0.0,0.0,0.0,0.0,0.0,106,0,0,186
474,normalizer,balanced,0.01,0.7,0.636986301369863,0.0,0.0,0.0,0.0,0.0,106,0,0,186
475,normalizer,balanced,0.03,0.55,0.636986301369863,0.0,0.0,0.0,0.0,0.0,106,0,0,186
476,normalizer,balanced,0.03,0.6,0.636986301369863,0.0,0.0,0.0,0.0,0.0,106,0,0,186
477,normalizer,balanced,0.03,0.65,0.636986301369863,0.0,0.0,0.0,0.0,0.0,106,0,0,186
478,normalizer,balanced,0.03,0.7,0.636986301369863,0.0,0.0,0.0,0.0,0.0,106,0,0,186
479,normalizer,balanced,0.1,0.6,0.636986301369863,0.0,0.0,0.0,0.0,0.0,106,0,0,186
480,normalizer,balanced,0.1,0.65,0.636986301369863,0.0,0.0,0.0,0.0,0.0,106,0,0,186
481,normalizer,balanced,0.1,0.7,0.636986301369863,0.0,0.0,0.0,0.0,0.0,106,0,0,186
482,normalizer,balanced,0.3,0.7,0.636986301369863,0.0,0.0,0.0,0.0,0.0,106,0,0,186
483,normalizer,none,0.01,0.45,0.636986301369863,0.0,0.0,0.0,0.0,0.0,106,0,0,186
484,normalizer,none,0.01,0.5,0.636986301369863,0.0,0.0,0.0,0.0,0.0,106,0,0,186
485,normalizer,none,0.01,0.55,0.636986301369863,0.0,0.0,0.0,0.0,0.0,106,0,0,186
486,normalizer,none,0.01,0.6,0.636986301369863,0.0,0.0,0.0,0.0,0.0,106,0,0,186
487,normalizer,none,0.01,0.65,0.636986301369863,0.0,0.0,0.0,0.0,0.0,106,0,0,186
488,normalizer,none,0.01,0.7,0.636986301369863,0.0,0.0,0.0,0.0,0.0,106,0,0,186
489,normalizer,none,0.03,0.45,0.636986301369863,0.0,0.0,0.0,0.0,0.0,106,0,0,186
490,normalizer,none,0.03,0.5,0.636986301369863,0.0,0.0,0.0,0.0,0.0,106,0,0,186
491,normalizer,none,0.03,0.55,0.636986301369863,0.0,0.0,0.0,0.0,0.0,106,0,0,186
492,normalizer,none,0.03,0.6,0.636986301369863,0.0,0.0,0.0,0.0,0.0,106,0,0,186
493,normalizer,none,0.03,0.65,0.636986301369863,0.0,0.0,0.0,0.0,0.0,106,0,0,186
494,normalizer,none,0.03,0.7,0.636986301369863,0.0,0.0,0.0,0.0,0.0,106,0,0,186
495,normalizer,none,0.1,0.5,0.636986301369863,0.0,0.0,0.0,0.0,0.0,106,0,0,186
496,normalizer,none,0.1,0.55,0.636986301369863,0.0,0.0,0.0,0.0,0.0,106,0,0,186
497,normalizer,none,0.1,0.6,0.636986301369863,0.0,0.0,0.0,0.0,0.0,106,0,0,186
498,normalizer,none,0.1,0.65,0.636986301369863,0.0,0.0,0.0,0.0,0.0,106,0,0,186
499,normalizer,none,0.1,0.7,0.636986301369863,0.0,0.0,0.0,0.0,0.0,106,0,0,186
500,normalizer,none,0.3,0.55,0.636986301369863,0.0,0.0,0.0,0.0,0.0,106,0,0,186
501,normalizer,none,0.3,0.6,0.636986301369863,0.0,0.0,0.0,0.0,0.0,106,0,0,186
502,normalizer,none,0.3,0.65,0.636986301369863,0.0,0.0,0.0,0.0,0.0,106,0,0,186
503,normalizer,none,0.3,0.7,0.636986301369863,0.0,0.0,0.0,0.0,0.0,106,0,0,186
504,normalizer,none,1.0,0.7,0.636986301369863,0.0,0.0,0.0,0.0,0.0,106,0,0,186
