sample_uid,dataset_source,patch_id,site_id,patch_type,true_label,predicted_label,probability_archeologique,confidence,error_type,rgb_path,lidar_path
exports_qgis:site01_large,exports_qgis,site01_large,site01,large,archeologique,archeologique,0.783692,0.783692,correct,data\exports_qgis\rgb\site01_large.png,data\exports_qgis\lidar\site01_large_lidar.png
exports_qgis:site01_neg02,exports_qgis,site01_neg02,site01,neg,non_archeologique,non_archeologique,0.333847,0.666153,correct,data\exports_qgis\rgb\site01_neg02.png,data\exports_qgis\lidar\site01_neg02_lidar.png
exports_qgis:site01_neg03,exports_qgis,site01_neg03,site01,neg,non_archeologique,non_archeologique,0.351185,0.648815,correct,data\exports_qgis\rgb\site01_neg03.png,data\exports_qgis\lidar\site01_neg03_lidar.png
exports_qgis:site01_neg04,exports_qgis,site01_neg04,site01,neg,non_archeologique,non_archeologique,0.369597,0.630403,correct,data\exports_qgis\rgb\site01_neg04.png,data\exports_qgis\lidar\site01_neg04_lidar.png
exports_qgis:site01_neg05,exports_qgis,site01_neg05,site01,neg,non_archeologique,archeologique,0.566720,0.566720,false_positive,data\exports_qgis\rgb\site01_neg05.png,data\exports_qgis\lidar\site01_neg05_lidar.png
exports_qgis:site01_neg06,exports_qgis,site01_neg06,site01,neg,non_archeologique,non_archeologique,0.069742,0.930258,correct,data\exports_qgis\rgb\site01_neg06.png,data\exports_qgis\lidar\site01_neg06_lidar.png
exports_qgis:site01_neg07,exports_qgis,site01_neg07,site01,neg,non_archeologique,non_archeologique,0.141087,0.858913,correct,data\exports_qgis\rgb\site01_neg07.png,data\exports_qgis\lidar\site01_neg07_lidar.png
exports_qgis:site01_patch01,exports_qgis,site01_patch01,site01,patch,archeologique,archeologique,0.541936,0.541936,correct,data\exports_qgis\rgb\site01_patch01.png,data\exports_qgis\lidar\site01_patch01_lidar.png
exports_qgis:site01_patch02,exports_qgis,site01_patch02,site01,patch,archeologique,archeologique,0.679529,0.679529,correct,data\exports_qgis\rgb\site01_patch02.png,data\exports_qgis\lidar\site01_patch02_lidar.png
exports_qgis:site01_patch03,exports_qgis,site01_patch03,site01,patch,archeologique,archeologique,0.503940,0.503940,correct,data\exports_qgis\rgb\site01_patch03.png,data\exports_qgis\lidar\site01_patch03_lidar.png
exports_qgis:site01_patch04,exports_qgis,site01_patch04,site01,patch,archeologique,non_archeologique,0.327283,0.672717,false_negative,data\exports_qgis\rgb\site01_patch04.png,data\exports_qgis\lidar\site01_patch04_lidar.png
exports_qgis:site01_patch05,exports_qgis,site01_patch05,site01,patch,archeologique,archeologique,0.556948,0.556948,correct,data\exports_qgis\rgb\site01_patch05.png,data\exports_qgis\lidar\site01_patch05_lidar.png
exports_qgis:site02_large,exports_qgis,site02_large,site02,large,archeologique,archeologique,0.820934,0.820934,correct,data\exports_qgis\rgb\site02_large.png,data\exports_qgis\lidar\site02_large_lidar.png
exports_qgis:site02_neg01,exports_qgis,site02_neg01,site02,neg,non_archeologique,archeologique,0.898830,0.898830,false_positive,data\exports_qgis\rgb\site02_neg01.png,data\exports_qgis\lidar\site02_neg01_lidar.png
exports_qgis:site02_neg02,exports_qgis,site02_neg02,site02,neg,non_archeologique,archeologique,0.934750,0.934750,false_positive,data\exports_qgis\rgb\site02_neg02.png,data\exports_qgis\lidar\site02_neg02_lidar.png
exports_qgis:site02_neg03,exports_qgis,site02_neg03,site02,neg,non_archeologique,archeologique,0.711112,0.711112,false_positive,data\exports_qgis\rgb\site02_neg03.png,data\exports_qgis\lidar\site02_neg03_lidar.png
exports_qgis:site02_neg04,exports_qgis,site02_neg04,site02,neg,non_archeologique,non_archeologique,0.359870,0.640130,correct,data\exports_qgis\rgb\site02_neg04.png,data\exports_qgis\lidar\site02_neg04_lidar.png
exports_qgis:site02_neg05,exports_qgis,site02_neg05,site02,neg,non_archeologique,archeologique,0.721773,0.721773,false_positive,data\exports_qgis\rgb\site02_neg05.png,data\exports_qgis\lidar\site02_neg05_lidar.png
exports_qgis:site02_neg06,exports_qgis,site02_neg06,site02,neg,non_archeologique,archeologique,0.894733,0.894733,false_positive,data\exports_qgis\rgb\site02_neg06.png,data\exports_qgis\lidar\site02_neg06_lidar.png
exports_qgis:site02_neg07,exports_qgis,site02_neg07,site02,neg,non_archeologique,archeologique,0.490785,0.509215,false_positive,data\exports_qgis\rgb\site02_neg07.png,data\exports_qgis\lidar\site02_neg07_lidar.png
exports_qgis:site02_patch01,exports_qgis,site02_patch01,site02,patch,archeologique,archeologique,0.844712,0.844712,correct,data\exports_qgis\rgb\site02_patch01.png,data\exports_qgis\lidar\site02_patch01_lidar.png
exports_qgis:site02_patch02,exports_qgis,site02_patch02,site02,patch,archeologique,archeologique,0.821960,0.821960,correct,data\exports_qgis\rgb\site02_patch02.png,data\exports_qgis\lidar\site02_patch02_lidar.png
exports_qgis:site02_patch03,exports_qgis,site02_patch03,site02,patch,archeologique,archeologique,0.651886,0.651886,correct,data\exports_qgis\rgb\site02_patch03.png,data\exports_qgis\lidar\site02_patch03_lidar.png
exports_qgis:site02_patch04,exports_qgis,site02_patch04,site02,patch,archeologique,non_archeologique,0.124130,0.875870,false_negative,data\exports_qgis\rgb\site02_patch04.png,data\exports_qgis\lidar\site02_patch04_lidar.png
exports_qgis:site03_large,exports_qgis,site03_large,site03,large,archeologique,non_archeologique,0.017893,0.982107,false_negative,data\exports_qgis\rgb\site03_large.png,data\exports_qgis\lidar\site03_large_lidar.png
exports_qgis:site03_neg01,exports_qgis,site03_neg01,site03,neg,non_archeologique,non_archeologique,0.020865,0.979135,correct,data\exports_qgis\rgb\site03_neg01.png,data\exports_qgis\lidar\site03_neg01_lidar.png
exports_qgis:site03_neg02,exports_qgis,site03_neg02,site03,neg,non_archeologique,non_archeologique,0.022464,0.977536,correct,data\exports_qgis\rgb\site03_neg02.png,data\exports_qgis\lidar\site03_neg02_lidar.png
exports_qgis:site03_neg03,exports_qgis,site03_neg03,site03,neg,non_archeologique,non_archeologique,0.202459,0.797541,correct,data\exports_qgis\rgb\site03_neg03.png,data\exports_qgis\lidar\site03_neg03_lidar.png
exports_qgis:site03_neg04,exports_qgis,site03_neg04,site03,neg,non_archeologique,non_archeologique,0.041874,0.958126,correct,data\exports_qgis\rgb\site03_neg04.png,data\exports_qgis\lidar\site03_neg04_lidar.png
exports_qgis:site03_neg05,exports_qgis,site03_neg05,site03,neg,non_archeologique,non_archeologique,0.049504,0.950496,correct,data\exports_qgis\rgb\site03_neg05.png,data\exports_qgis\lidar\site03_neg05_lidar.png
exports_qgis:site03_neg06,exports_qgis,site03_neg06,site03,neg,non_archeologique,non_archeologique,0.007151,0.992849,correct,data\exports_qgis\rgb\site03_neg06.png,data\exports_qgis\lidar\site03_neg06_lidar.png
exports_qgis:site03_patch01,exports_qgis,site03_patch01,site03,patch,archeologique,archeologique,0.891048,0.891048,correct,data\exports_qgis\rgb\site03_patch01.png,data\exports_qgis\lidar\site03_patch01_lidar.png
exports_qgis:site03_patch03,exports_qgis,site03_patch03,site03,patch,archeologique,archeologique,0.580546,0.580546,correct,data\exports_qgis\rgb\site03_patch03.png,data\exports_qgis\lidar\site03_patch03_lidar.png
exports_qgis:site03_patch04,exports_qgis,site03_patch04,site03,patch,archeologique,non_archeologique,0.041486,0.958514,false_negative,data\exports_qgis\rgb\site03_patch04.png,data\exports_qgis\lidar\site03_patch04_lidar.png
exports_qgis:site04_large,exports_qgis,site04_large,site04,large,archeologique,archeologique,0.745781,0.745781,correct,data\exports_qgis\rgb\site04_large.png,data\exports_qgis\lidar\site04_large_lidar.png
exports_qgis:site04_neg01,exports_qgis,site04_neg01,site04,neg,non_archeologique,non_archeologique,0.318548,0.681452,correct,data\exports_qgis\rgb\site04_neg01.png,data\exports_qgis\lidar\site04_neg01_lidar.png
exports_qgis:site04_neg02,exports_qgis,site04_neg02,site04,neg,non_archeologique,non_archeologique,0.061285,0.938715,correct,data\exports_qgis\rgb\site04_neg02.png,data\exports_qgis\lidar\site04_neg02_lidar.png
exports_qgis:site04_neg03,exports_qgis,site04_neg03,site04,neg,non_archeologique,non_archeologique,0.076582,0.923418,correct,data\exports_qgis\rgb\site04_neg03.png,data\exports_qgis\lidar\site04_neg03_lidar.png
exports_qgis:site04_neg04,exports_qgis,site04_neg04,site04,neg,non_archeologique,non_archeologique,0.199455,0.800545,correct,data\exports_qgis\rgb\site04_neg04.png,data\exports_qgis\lidar\site04_neg04_lidar.png
exports_qgis:site04_neg05,exports_qgis,site04_neg05,site04,neg,non_archeologique,non_archeologique,0.242827,0.757173,correct,data\exports_qgis\rgb\site04_neg05.png,data\exports_qgis\lidar\site04_neg05_lidar.png
exports_qgis:site04_neg06,exports_qgis,site04_neg06,site04,neg,non_archeologique,archeologique,0.537543,0.537543,false_positive,data\exports_qgis\rgb\site04_neg06.png,data\exports_qgis\lidar\site04_neg06_lidar.png
exports_qgis:site04_patch01,exports_qgis,site04_patch01,site04,patch,archeologique,archeologique,0.992520,0.992520,correct,data\exports_qgis\rgb\site04_patch01.png,data\exports_qgis\lidar\site04_patch01_lidar.png
exports_qgis:site04_patch02,exports_qgis,site04_patch02,site04,patch,archeologique,non_archeologique,0.269036,0.730964,false_negative,data\exports_qgis\rgb\site04_patch02.png,data\exports_qgis\lidar\site04_patch02_lidar.png
exports_qgis:site04_patch03,exports_qgis,site04_patch03,site04,patch,archeologique,archeologique,0.825601,0.825601,correct,data\exports_qgis\rgb\site04_patch03.png,data\exports_qgis\lidar\site04_patch03_lidar.png
exports_qgis:site04_patch04,exports_qgis,site04_patch04,site04,patch,archeologique,archeologique,0.573138,0.573138,correct,data\exports_qgis\rgb\site04_patch04.png,data\exports_qgis\lidar\site04_patch04_lidar.png
exports_qgis:site04_patch05,exports_qgis,site04_patch05,site04,patch,archeologique,archeologique,0.674827,0.674827,correct,data\exports_qgis\rgb\site04_patch05.png,data\exports_qgis\lidar\site04_patch05_lidar.png
exports_qgis:site04_patch06,exports_qgis,site04_patch06,site04,patch,archeologique,non_archeologique,0.300750,0.699250,false_negative,data\exports_qgis\rgb\site04_patch06.png,data\exports_qgis\lidar\site04_patch06_lidar.png
exports_qgis:site05_large,exports_qgis,site05_large,site05,large,archeologique,archeologique,0.525426,0.525426,correct,data\exports_qgis\rgb\site05_large.png,data\exports_qgis\lidar\site05_large_lidar.png
exports_qgis:site05_neg01,exports_qgis,site05_neg01,site05,neg,non_archeologique,non_archeologique,0.216784,0.783216,correct,data\exports_qgis\rgb\site05_neg01.png,data\exports_qgis\lidar\site05_neg01_lidar.png
exports_qgis:site05_neg02,exports_qgis,site05_neg02,site05,neg,non_archeologique,non_archeologique,0.238013,0.761987,correct,data\exports_qgis\rgb\site05_neg02.png,data\exports_qgis\lidar\site05_neg02_lidar.png
exports_qgis:site05_neg03,exports_qgis,site05_neg03,site05,neg,non_archeologique,non_archeologique,0.065536,0.934464,correct,data\exports_qgis\rgb\site05_neg03.png,data\exports_qgis\lidar\site05_neg03_lidar.png
exports_qgis:site05_neg04,exports_qgis,site05_neg04,site05,neg,non_archeologique,non_archeologique,0.070999,0.929001,correct,data\exports_qgis\rgb\site05_neg04.png,data\exports_qgis\lidar\site05_neg04_lidar.png
exports_qgis:site05_neg05,exports_qgis,site05_neg05,site05,neg,non_archeologique,non_archeologique,0.021480,0.978520,correct,data\exports_qgis\rgb\site05_neg05.png,data\exports_qgis\lidar\site05_neg05_lidar.png
exports_qgis:site05_patch01,exports_qgis,site05_patch01,site05,patch,archeologique,archeologique,0.486103,0.513897,correct,data\exports_qgis\rgb\site05_patch01.png,data\exports_qgis\lidar\site05_patch01_lidar.png
exports_qgis:site05_patch02,exports_qgis,site05_patch02,site05,patch,archeologique,archeologique,0.709042,0.709042,correct,data\exports_qgis\rgb\site05_patch02.png,data\exports_qgis\lidar\site05_patch02_lidar.png
exports_qgis:site05_patch03,exports_qgis,site05_patch03,site05,patch,archeologique,archeologique,0.683755,0.683755,correct,data\exports_qgis\rgb\site05_patch03.png,data\exports_qgis\lidar\site05_patch03_lidar.png
exports_qgis:site05_patch04,exports_qgis,site05_patch04,site05,patch,archeologique,archeologique,0.532255,0.532255,correct,data\exports_qgis\rgb\site05_patch04.png,data\exports_qgis\lidar\site05_patch04_lidar.png
exports_qgis:site05_patch05,exports_qgis,site05_patch05,site05,patch,archeologique,archeologique,0.457143,0.542857,correct,data\exports_qgis\rgb\site05_patch05.png,data\exports_qgis\lidar\site05_patch05_lidar.png
exports_qgis:site05_patch06,exports_qgis,site05_patch06,site05,patch,archeologique,archeologique,0.525086,0.525086,correct,data\exports_qgis\rgb\site05_patch06.png,data\exports_qgis\lidar\site05_patch06_lidar.png
exports_qgis:site06_large,exports_qgis,site06_large,site06,large,archeologique,non_archeologique,0.178704,0.821296,false_negative,data\exports_qgis\rgb\site06_large.png,data\exports_qgis\lidar\site06_large_lidar.png
exports_qgis:site06_neg01,exports_qgis,site06_neg01,site06,neg,non_archeologique,non_archeologique,0.039040,0.960960,correct,data\exports_qgis\rgb\site06_neg01.png,data\exports_qgis\lidar\site06_neg01_lidar.png
exports_qgis:site06_neg02,exports_qgis,site06_neg02,site06,neg,non_archeologique,non_archeologique,0.219006,0.780994,correct,data\exports_qgis\rgb\site06_neg02.png,data\exports_qgis\lidar\site06_neg02_lidar.png
exports_qgis:site06_neg03,exports_qgis,site06_neg03,site06,neg,non_archeologique,non_archeologique,0.084748,0.915252,correct,data\exports_qgis\rgb\site06_neg03.png,data\exports_qgis\lidar\site06_neg03_lidar.png
exports_qgis:site06_neg04,exports_qgis,site06_neg04,site06,neg,non_archeologique,non_archeologique,0.019030,0.980970,correct,data\exports_qgis\rgb\site06_neg04.png,data\exports_qgis\lidar\site06_neg04_lidar.png
exports_qgis:site06_neg05,exports_qgis,site06_neg05,site06,neg,non_archeologique,non_archeologique,0.115884,0.884116,correct,data\exports_qgis\rgb\site06_neg05.png,data\exports_qgis\lidar\site06_neg05_lidar.png
exports_qgis:site06_neg06,exports_qgis,site06_neg06,site06,neg,non_archeologique,non_archeologique,0.043757,0.956243,correct,data\exports_qgis\rgb\site06_neg06.png,data\exports_qgis\lidar\site06_neg06_lidar.png
exports_qgis:site06_patch01,exports_qgis,site06_patch01,site06,patch,archeologique,archeologique,0.541901,0.541901,correct,data\exports_qgis\rgb\site06_patch01.png,data\exports_qgis\lidar\site06_patch01_lidar.png
exports_qgis:site06_patch02,exports_qgis,site06_patch02,site06,patch,archeologique,non_archeologique,0.214114,0.785886,false_negative,data\exports_qgis\rgb\site06_patch02.png,data\exports_qgis\lidar\site06_patch02_lidar.png
exports_qgis:site06_patch03,exports_qgis,site06_patch03,site06,patch,archeologique,non_archeologique,0.327969,0.672031,false_negative,data\exports_qgis\rgb\site06_patch03.png,data\exports_qgis\lidar\site06_patch03_lidar.png
exports_qgis:site07_large,exports_qgis,site07_large,site07,large,archeologique,archeologique,0.937603,0.937603,correct,data\exports_qgis\rgb\site07_large.png,data\exports_qgis\lidar\site07_large_lidar.png
exports_qgis:site07_neg01,exports_qgis,site07_neg01,site07,neg,non_archeologique,non_archeologique,0.410807,0.589193,correct,data\exports_qgis\rgb\site07_neg01.png,data\exports_qgis\lidar\site07_neg01_lidar.png
exports_qgis:site07_neg02,exports_qgis,site07_neg02,site07,neg,non_archeologique,archeologique,0.466776,0.533224,false_positive,data\exports_qgis\rgb\site07_neg02.png,data\exports_qgis\lidar\site07_neg02_lidar.png
exports_qgis:site07_neg03,exports_qgis,site07_neg03,site07,neg,non_archeologique,non_archeologique,0.374395,0.625605,correct,data\exports_qgis\rgb\site07_neg03.png,data\exports_qgis\lidar\site07_neg03_lidar.png
exports_qgis:site07_neg04,exports_qgis,site07_neg04,site07,neg,non_archeologique,non_archeologique,0.205315,0.794685,correct,data\exports_qgis\rgb\site07_neg04.png,data\exports_qgis\lidar\site07_neg04_lidar.png
exports_qgis:site07_neg05,exports_qgis,site07_neg05,site07,neg,non_archeologique,non_archeologique,0.348438,0.651562,correct,data\exports_qgis\rgb\site07_neg05.png,data\exports_qgis\lidar\site07_neg05_lidar.png
exports_qgis:site07_patch01,exports_qgis,site07_patch01,site07,patch,archeologique,archeologique,0.850171,0.850171,correct,data\exports_qgis\rgb\site07_patch01.png,data\exports_qgis\lidar\site07_patch01_lidar.png
exports_qgis:site07_patch02,exports_qgis,site07_patch02,site07,patch,archeologique,non_archeologique,0.309944,0.690056,false_negative,data\exports_qgis\rgb\site07_patch02.png,data\exports_qgis\lidar\site07_patch02_lidar.png
exports_qgis:site07_patch03,exports_qgis,site07_patch03,site07,patch,archeologique,archeologique,0.877334,0.877334,correct,data\exports_qgis\rgb\site07_patch03.png,data\exports_qgis\lidar\site07_patch03_lidar.png
exports_qgis:site07_patch04,exports_qgis,site07_patch04,site07,patch,archeologique,archeologique,0.816340,0.816340,correct,data\exports_qgis\rgb\site07_patch04.png,data\exports_qgis\lidar\site07_patch04_lidar.png
exports_qgis:site08_large,exports_qgis,site08_large,site08,large,archeologique,non_archeologique,0.415197,0.584803,false_negative,data\exports_qgis\rgb\site08_large.png,data\exports_qgis\lidar\site08_large_lidar.png
exports_qgis:site08_neg01,exports_qgis,site08_neg01,site08,neg,non_archeologique,non_archeologique,0.177916,0.822084,correct,data\exports_qgis\rgb\site08_neg01.png,data\exports_qgis\lidar\site08_neg01_lidar.png
exports_qgis:site08_neg02,exports_qgis,site08_neg02,site08,neg,non_archeologique,non_archeologique,0.162766,0.837234,correct,data\exports_qgis\rgb\site08_neg02.png,data\exports_qgis\lidar\site08_neg02_lidar.png
exports_qgis:site08_neg03,exports_qgis,site08_neg03,site08,neg,non_archeologique,non_archeologique,0.053023,0.946977,correct,data\exports_qgis\rgb\site08_neg03.png,data\exports_qgis\lidar\site08_neg03_lidar.png
exports_qgis:site08_neg04,exports_qgis,site08_neg04,site08,neg,non_archeologique,non_archeologique,0.129820,0.870180,correct,data\exports_qgis\rgb\site08_neg04.png,data\exports_qgis\lidar\site08_neg04_lidar.png
exports_qgis:site08_neg05,exports_qgis,site08_neg05,site08,neg,non_archeologique,non_archeologique,0.437908,0.562092,correct,data\exports_qgis\rgb\site08_neg05.png,data\exports_qgis\lidar\site08_neg05_lidar.png
exports_qgis:site08_patch01,exports_qgis,site08_patch01,site08,patch,archeologique,non_archeologique,0.284462,0.715538,false_negative,data\exports_qgis\rgb\site08_patch01.png,data\exports_qgis\lidar\site08_patch01_lidar.png
exports_qgis:site08_patch02,exports_qgis,site08_patch02,site08,patch,archeologique,archeologique,0.586436,0.586436,correct,data\exports_qgis\rgb\site08_patch02.png,data\exports_qgis\lidar\site08_patch02_lidar.png
exports_qgis:site08_patch03,exports_qgis,site08_patch03,site08,patch,archeologique,non_archeologique,0.383131,0.616869,false_negative,data\exports_qgis\rgb\site08_patch03.png,data\exports_qgis\lidar\site08_patch03_lidar.png
exports_qgis:site08_patch04,exports_qgis,site08_patch04,site08,patch,archeologique,non_archeologique,0.228744,0.771256,false_negative,data\exports_qgis\rgb\site08_patch04.png,data\exports_qgis\lidar\site08_patch04_lidar.png
exports_qgis:site09_neg01,exports_qgis,site09_neg01,site09,neg,non_archeologique,non_archeologique,0.213391,0.786609,correct,data\exports_qgis\rgb\site09_neg01.png,data\exports_qgis\lidar\site09_neg01_lidar.png
exports_qgis:site09_neg02,exports_qgis,site09_neg02,site09,neg,non_archeologique,non_archeologique,0.334474,0.665526,correct,data\exports_qgis\rgb\site09_neg02.png,data\exports_qgis\lidar\site09_neg02_lidar.png
exports_qgis:site09_neg03,exports_qgis,site09_neg03,site09,neg,non_archeologique,non_archeologique,0.306241,0.693759,correct,data\exports_qgis\rgb\site09_neg03.png,data\exports_qgis\lidar\site09_neg03_lidar.png
exports_qgis:site09_neg04,exports_qgis,site09_neg04,site09,neg,non_archeologique,non_archeologique,0.202945,0.797055,correct,data\exports_qgis\rgb\site09_neg04.png,data\exports_qgis\lidar\site09_neg04_lidar.png
exports_qgis:site09_neg05,exports_qgis,site09_neg05,site09,neg,non_archeologique,non_archeologique,0.145650,0.854350,correct,data\exports_qgis\rgb\site09_neg05.png,data\exports_qgis\lidar\site09_neg05_lidar.png
exports_qgis:site09_neg06,exports_qgis,site09_neg06,site09,neg,non_archeologique,non_archeologique,0.418789,0.581211,correct,data\exports_qgis\rgb\site09_neg06.png,data\exports_qgis\lidar\site09_neg06_lidar.png
exports_qgis:site09_patch01,exports_qgis,site09_patch01,site09,patch,archeologique,archeologique,0.480852,0.519148,correct,data\exports_qgis\rgb\site09_patch01.png,data\exports_qgis\lidar\site09_patch01_lidar.png
exports_qgis:site09_patch02,exports_qgis,site09_patch02,site09,patch,archeologique,non_archeologique,0.015864,0.984136,false_negative,data\exports_qgis\rgb\site09_patch02.png,data\exports_qgis\lidar\site09_patch02_lidar.png
exports_qgis:site09_patch03,exports_qgis,site09_patch03,site09,patch,archeologique,non_archeologique,0.176403,0.823597,false_negative,data\exports_qgis\rgb\site09_patch03.png,data\exports_qgis\lidar\site09_patch03_lidar.png
exports_qgis:site09_patch04,exports_qgis,site09_patch04,site09,patch,archeologique,non_archeologique,0.146777,0.853223,false_negative,data\exports_qgis\rgb\site09_patch04.png,data\exports_qgis\lidar\site09_patch04_lidar.png
exports_qgis:site10_large,exports_qgis,site10_large,site10,large,archeologique,archeologique,0.930597,0.930597,correct,data\exports_qgis\rgb\site10_large.png,data\exports_qgis\lidar\site10_large_lidar.png
exports_qgis:site10_neg01,exports_qgis,site10_neg01,site10,neg,non_archeologique,non_archeologique,0.116083,0.883917,correct,data\exports_qgis\rgb\site10_neg01.png,data\exports_qgis\lidar\site10_neg01_lidar.png
exports_qgis:site10_neg02,exports_qgis,site10_neg02,site10,neg,non_archeologique,non_archeologique,0.130212,0.869788,correct,data\exports_qgis\rgb\site10_neg02.png,data\exports_qgis\lidar\site10_neg02_lidar.png
exports_qgis:site10_negO3,exports_qgis,site10_negO3,site10,neg,non_archeologique,non_archeologique,0.293046,0.706954,correct,data\exports_qgis\rgb\site10_negO3.png,data\exports_qgis\lidar\site10_negO3_lidar.png
exports_qgis:site10_negO4,exports_qgis,site10_negO4,site10,neg,non_archeologique,non_archeologique,0.022387,0.977613,correct,data\exports_qgis\rgb\site10_negO4.png,data\exports_qgis\lidar\site10_negO4_lidar.png
exports_qgis:site10_negO5,exports_qgis,site10_negO5,site10,neg,non_archeologique,non_archeologique,0.023825,0.976175,correct,data\exports_qgis\rgb\site10_negO5.png,data\exports_qgis\lidar\site10_negO5_lidar.png
exports_qgis:site10_patch01,exports_qgis,site10_patch01,site10,patch,archeologique,archeologique,0.950972,0.950972,correct,data\exports_qgis\rgb\site10_patch01.png,data\exports_qgis\lidar\site10_patch01_lidar.png
exports_qgis:site10_patch02,exports_qgis,site10_patch02,site10,patch,archeologique,archeologique,0.951927,0.951927,correct,data\exports_qgis\rgb\site10_patch02.png,data\exports_qgis\lidar\site10_patch02_lidar.png
exports_qgis:site10_patch03,exports_qgis,site10_patch03,site10,patch,archeologique,archeologique,0.951292,0.951292,correct,data\exports_qgis\rgb\site10_patch03.png,data\exports_qgis\lidar\site10_patch03_lidar.png
exports_qgis:site10_patch04,exports_qgis,site10_patch04,site10,patch,archeologique,archeologique,0.828929,0.828929,correct,data\exports_qgis\rgb\site10_patch04.png,data\exports_qgis\lidar\site10_patch04_lidar.png
exports_qgis:site11_large,exports_qgis,site11_large,site11,large,archeologique,archeologique,0.875739,0.875739,correct,data\exports_qgis\rgb\site11_large.png,data\exports_qgis\lidar\site11_large_lidar.png
exports_qgis:site11_neg01,exports_qgis,site11_neg01,site11,neg,non_archeologique,non_archeologique,0.419035,0.580965,correct,data\exports_qgis\rgb\site11_neg01.png,data\exports_qgis\lidar\site11_neg01_lidar.png
exports_qgis:site11_neg02,exports_qgis,site11_neg02,site11,neg,non_archeologique,non_archeologique,0.109725,0.890275,correct,data\exports_qgis\rgb\site11_neg02.png,data\exports_qgis\lidar\site11_neg02_lidar.png
exports_qgis:site11_neg03,exports_qgis,site11_neg03,site11,neg,non_archeologique,non_archeologique,0.120208,0.879792,correct,data\exports_qgis\rgb\site11_neg03.png,data\exports_qgis\lidar\site11_neg03_lidar.png
exports_qgis:site11_neg04,exports_qgis,site11_neg04,site11,neg,non_archeologique,non_archeologique,0.205690,0.794310,correct,data\exports_qgis\rgb\site11_neg04.png,data\exports_qgis\lidar\site11_neg04_lidar.png
exports_qgis:site11_neg05,exports_qgis,site11_neg05,site11,neg,non_archeologique,non_archeologique,0.200423,0.799577,correct,data\exports_qgis\rgb\site11_neg05.png,data\exports_qgis\lidar\site11_neg05_lidar.png
exports_qgis:site11_neg06,exports_qgis,site11_neg06,site11,neg,non_archeologique,non_archeologique,0.120105,0.879895,correct,data\exports_qgis\rgb\site11_neg06.png,data\exports_qgis\lidar\site11_neg06_lidar.png
exports_qgis:site11_patch01,exports_qgis,site11_patch01,site11,patch,archeologique,archeologique,0.930649,0.930649,correct,data\exports_qgis\rgb\site11_patch01.png,data\exports_qgis\lidar\site11_patch01_lidar.png
exports_qgis:site11_patch02,exports_qgis,site11_patch02,site11,patch,archeologique,archeologique,0.706323,0.706323,correct,data\exports_qgis\rgb\site11_patch02.png,data\exports_qgis\lidar\site11_patch02_lidar.png
exports_qgis:site11_patch03,exports_qgis,site11_patch03,site11,patch,archeologique,archeologique,0.845878,0.845878,correct,data\exports_qgis\rgb\site11_patch03.png,data\exports_qgis\lidar\site11_patch03_lidar.png
exports_qgis:site11_patch04,exports_qgis,site11_patch04,site11,patch,archeologique,archeologique,0.854150,0.854150,correct,data\exports_qgis\rgb\site11_patch04.png,data\exports_qgis\lidar\site11_patch04_lidar.png
exports_qgis:site11_patch05,exports_qgis,site11_patch05,site11,patch,archeologique,archeologique,0.659508,0.659508,correct,data\exports_qgis\rgb\site11_patch05.png,data\exports_qgis\lidar\site11_patch05_lidar.png
exports_qgis:site12_large,exports_qgis,site12_large,site12,large,archeologique,archeologique,0.505385,0.505385,correct,data\exports_qgis\rgb\site12_large.png,data\exports_qgis\lidar\site12_large_lidar.png
exports_qgis:site12_neg01,exports_qgis,site12_neg01,site12,neg,non_archeologique,non_archeologique,0.226959,0.773041,correct,data\exports_qgis\rgb\site12_neg01.png,data\exports_qgis\lidar\site12_neg01_lidar.png
exports_qgis:site12_neg02,exports_qgis,site12_neg02,site12,neg,non_archeologique,non_archeologique,0.092018,0.907982,correct,data\exports_qgis\rgb\site12_neg02.png,data\exports_qgis\lidar\site12_neg02_lidar.png
exports_qgis:site12_neg03,exports_qgis,site12_neg03,site12,neg,non_archeologique,non_archeologique,0.030668,0.969332,correct,data\exports_qgis\rgb\site12_neg03.png,data\exports_qgis\lidar\site12_neg03_lidar.png
exports_qgis:site12_neg04,exports_qgis,site12_neg04,site12,neg,non_archeologique,non_archeologique,0.181510,0.818490,correct,data\exports_qgis\rgb\site12_neg04.png,data\exports_qgis\lidar\site12_neg04_lidar.png
exports_qgis:site12_neg05,exports_qgis,site12_neg05,site12,neg,non_archeologique,non_archeologique,0.027465,0.972535,correct,data\exports_qgis\rgb\site12_neg05.png,data\exports_qgis\lidar\site12_neg05_lidar.png
exports_qgis:site12_neg06,exports_qgis,site12_neg06,site12,neg,non_archeologique,non_archeologique,0.041316,0.958684,correct,data\exports_qgis\rgb\site12_neg06.png,data\exports_qgis\lidar\site12_neg06_lidar.png
exports_qgis:site12_neg07,exports_qgis,site12_neg07,site12,neg,non_archeologique,archeologique,0.467608,0.532392,false_positive,data\exports_qgis\rgb\site12_neg07.png,data\exports_qgis\lidar\site12_neg07_lidar.png
exports_qgis:site12_neg08,exports_qgis,site12_neg08,site12,neg,non_archeologique,non_archeologique,0.044941,0.955059,correct,data\exports_qgis\rgb\site12_neg08.png,data\exports_qgis\lidar\site12_neg08_lidar.png
exports_qgis:site12_neg09,exports_qgis,site12_neg09,site12,neg,non_archeologique,non_archeologique,0.188729,0.811271,correct,data\exports_qgis\rgb\site12_neg09.png,data\exports_qgis\lidar\site12_neg09_lidar.png
exports_qgis:site12_neg10,exports_qgis,site12_neg10,site12,neg,non_archeologique,archeologique,0.470539,0.529461,false_positive,data\exports_qgis\rgb\site12_neg10.png,data\exports_qgis\lidar\site12_neg10_lidar.png
exports_qgis:site12_neg11,exports_qgis,site12_neg11,site12,neg,non_archeologique,archeologique,0.934924,0.934924,false_positive,data\exports_qgis\rgb\site12_neg11.png,data\exports_qgis\lidar\site12_neg11_lidar.png
exports_qgis:site12_patch01,exports_qgis,site12_patch01,site12,patch,archeologique,archeologique,0.521650,0.521650,correct,data\exports_qgis\rgb\site12_patch01.png,data\exports_qgis\lidar\site12_patch01_lidar.png
exports_qgis:site12_patch02,exports_qgis,site12_patch02,site12,patch,archeologique,non_archeologique,0.244504,0.755496,false_negative,data\exports_qgis\rgb\site12_patch02.png,data\exports_qgis\lidar\site12_patch02_lidar.png
exports_qgis:site12_patch03,exports_qgis,site12_patch03,site12,patch,archeologique,non_archeologique,0.081016,0.918984,false_negative,data\exports_qgis\rgb\site12_patch03.png,data\exports_qgis\lidar\site12_patch03_lidar.png
exports_qgis:site12_patch04,exports_qgis,site12_patch04,site12,patch,archeologique,non_archeologique,0.229066,0.770934,false_negative,data\exports_qgis\rgb\site12_patch04.png,data\exports_qgis\lidar\site12_patch04_lidar.png
exports_qgis:site12_patch05,exports_qgis,site12_patch05,site12,patch,archeologique,archeologique,0.660152,0.660152,correct,data\exports_qgis\rgb\site12_patch05.png,data\exports_qgis\lidar\site12_patch05_lidar.png
exports_qgis:site13_large,exports_qgis,site13_large,site13,large,archeologique,archeologique,0.853450,0.853450,correct,data\exports_qgis\rgb\site13_large.png,data\exports_qgis\lidar\site13_large_lidar.png
exports_qgis:site13_neg01,exports_qgis,site13_neg01,site13,neg,non_archeologique,non_archeologique,0.129143,0.870857,correct,data\exports_qgis\rgb\site13_neg01.png,data\exports_qgis\lidar\site13_neg01_lidar.png
exports_qgis:site13_neg02,exports_qgis,site13_neg02,site13,neg,non_archeologique,non_archeologique,0.039861,0.960139,correct,data\exports_qgis\rgb\site13_neg02.png,data\exports_qgis\lidar\site13_neg02_lidar.png
exports_qgis:site13_neg03,exports_qgis,site13_neg03,site13,neg,non_archeologique,non_archeologique,0.267479,0.732521,correct,data\exports_qgis\rgb\site13_neg03.png,data\exports_qgis\lidar\site13_neg03_lidar.png
exports_qgis:site13_neg04,exports_qgis,site13_neg04,site13,neg,non_archeologique,non_archeologique,0.218791,0.781209,correct,data\exports_qgis\rgb\site13_neg04.png,data\exports_qgis\lidar\site13_neg04_lidar.png
exports_qgis:site13_neg05,exports_qgis,site13_neg05,site13,neg,non_archeologique,non_archeologique,0.141935,0.858065,correct,data\exports_qgis\rgb\site13_neg05.png,data\exports_qgis\lidar\site13_neg05_lidar.png
exports_qgis:site13_neg06,exports_qgis,site13_neg06,site13,neg,non_archeologique,non_archeologique,0.227563,0.772437,correct,data\exports_qgis\rgb\site13_neg06.png,data\exports_qgis\lidar\site13_neg06_lidar.png
exports_qgis:site13_neg07,exports_qgis,site13_neg07,site13,neg,non_archeologique,non_archeologique,0.333816,0.666184,correct,data\exports_qgis\rgb\site13_neg07.png,data\exports_qgis\lidar\site13_neg07_lidar.png
exports_qgis:site13_neg08,exports_qgis,site13_neg08,site13,neg,non_archeologique,non_archeologique,0.094486,0.905514,correct,data\exports_qgis\rgb\site13_neg08.png,data\exports_qgis\lidar\site13_neg08_lidar.png
exports_qgis:site13_neg09,exports_qgis,site13_neg09,site13,neg,non_archeologique,non_archeologique,0.056678,0.943322,correct,data\exports_qgis\rgb\site13_neg09.png,data\exports_qgis\lidar\site13_neg09_lidar.png
exports_qgis:site13_neg10,exports_qgis,site13_neg10,site13,neg,non_archeologique,non_archeologique,0.274170,0.725830,correct,data\exports_qgis\rgb\site13_neg10.png,data\exports_qgis\lidar\site13_neg10_lidar.png
exports_qgis:site13_patch01,exports_qgis,site13_patch01,site13,patch,archeologique,archeologique,0.858451,0.858451,correct,data\exports_qgis\rgb\site13_patch01.png,data\exports_qgis\lidar\site13_patch01_lidar.png
exports_qgis:site13_patch02,exports_qgis,site13_patch02,site13,patch,archeologique,archeologique,0.859359,0.859359,correct,data\exports_qgis\rgb\site13_patch02.png,data\exports_qgis\lidar\site13_patch02_lidar.png
exports_qgis:site14_large,exports_qgis,site14_large,site14,large,archeologique,archeologique,0.639679,0.639679,correct,data\exports_qgis\rgb\site14_large.png,data\exports_qgis\lidar\site14_large_lidar.png
exports_qgis:site14_neg01,exports_qgis,site14_neg01,site14,neg,non_archeologique,non_archeologique,0.125020,0.874980,correct,data\exports_qgis\rgb\site14_neg01.png,data\exports_qgis\lidar\site14_neg01_lidar.png
exports_qgis:site14_neg02,exports_qgis,site14_neg02,site14,neg,non_archeologique,non_archeologique,0.396758,0.603242,correct,data\exports_qgis\rgb\site14_neg02.png,data\exports_qgis\lidar\site14_neg02_lidar.png
exports_qgis:site14_neg03,exports_qgis,site14_neg03,site14,neg,non_archeologique,non_archeologique,0.433458,0.566542,correct,data\exports_qgis\rgb\site14_neg03.png,data\exports_qgis\lidar\site14_neg03_lidar.png
exports_qgis:site14_neg04,exports_qgis,site14_neg04,site14,neg,non_archeologique,non_archeologique,0.242249,0.757751,correct,data\exports_qgis\rgb\site14_neg04.png,data\exports_qgis\lidar\site14_neg04_lidar.png
exports_qgis:site14_neg05,exports_qgis,site14_neg05,site14,neg,non_archeologique,non_archeologique,0.083563,0.916437,correct,data\exports_qgis\rgb\site14_neg05.png,data\exports_qgis\lidar\site14_neg05_lidar.png
exports_qgis:site14_neg06,exports_qgis,site14_neg06,site14,neg,non_archeologique,non_archeologique,0.386877,0.613123,correct,data\exports_qgis\rgb\site14_neg06.png,data\exports_qgis\lidar\site14_neg06_lidar.png
exports_qgis:site14_neg07,exports_qgis,site14_neg07,site14,neg,non_archeologique,non_archeologique,0.413251,0.586749,correct,data\exports_qgis\rgb\site14_neg07.png,data\exports_qgis\lidar\site14_neg07_lidar.png
exports_qgis:site14_patch01,exports_qgis,site14_patch01,site14,patch,archeologique,archeologique,0.821713,0.821713,correct,data\exports_qgis\rgb\site14_patch01.png,data\exports_qgis\lidar\site14_patch01_lidar.png
exports_qgis:site14_patch02,exports_qgis,site14_patch02,site14,patch,archeologique,archeologique,0.598995,0.598995,correct,data\exports_qgis\rgb\site14_patch02.png,data\exports_qgis\lidar\site14_patch02_lidar.png
exports_qgis:site14_patch03,exports_qgis,site14_patch03,site14,patch,archeologique,archeologique,0.471114,0.528886,correct,data\exports_qgis\rgb\site14_patch03.png,data\exports_qgis\lidar\site14_patch03_lidar.png
exports_qgis:site14_patch04,exports_qgis,site14_patch04,site14,patch,archeologique,archeologique,0.509433,0.509433,correct,data\exports_qgis\rgb\site14_patch04.png,data\exports_qgis\lidar\site14_patch04_lidar.png
exports_qgis:site14_patch05,exports_qgis,site14_patch05,site14,patch,archeologique,archeologique,0.889846,0.889846,correct,data\exports_qgis\rgb\site14_patch05.png,data\exports_qgis\lidar\site14_patch05_lidar.png
exports_qgis:site15_neg03,exports_qgis,site15_neg03,site15,neg,non_archeologique,non_archeologique,0.011008,0.988992,correct,data\exports_qgis\rgb\site15_neg03.png,data\exports_qgis\lidar\site15_neg03_lidar.png
exports_qgis:site15_neg04,exports_qgis,site15_neg04,site15,neg,non_archeologique,non_archeologique,0.084036,0.915964,correct,data\exports_qgis\rgb\site15_neg04.png,data\exports_qgis\lidar\site15_neg04_lidar.png
exports_qgis:site15_neg06,exports_qgis,site15_neg06,site15,neg,non_archeologique,non_archeologique,0.045450,0.954550,correct,data\exports_qgis\rgb\site15_neg06.png,data\exports_qgis\lidar\site15_neg06_lidar.png
exports_qgis:site15_neg07,exports_qgis,site15_neg07,site15,neg,non_archeologique,non_archeologique,0.034352,0.965648,correct,data\exports_qgis\rgb\site15_neg07.png,data\exports_qgis\lidar\site15_neg07_lidar.png
exports_qgis:site15_neg08,exports_qgis,site15_neg08,site15,neg,non_archeologique,non_archeologique,0.069131,0.930869,correct,data\exports_qgis\rgb\site15_neg08.png,data\exports_qgis\lidar\site15_neg08_lidar.png
exports_qgis:site15_neg09,exports_qgis,site15_neg09,site15,neg,non_archeologique,non_archeologique,0.052786,0.947214,correct,data\exports_qgis\rgb\site15_neg09.png,data\exports_qgis\lidar\site15_neg09_lidar.png
exports_qgis:site15_patch01,exports_qgis,site15_patch01,site15,patch,archeologique,non_archeologique,0.196961,0.803039,false_negative,data\exports_qgis\rgb\site15_patch01.png,data\exports_qgis\lidar\site15_patch01_lidar.png
exports_qgis:site15_patch02,exports_qgis,site15_patch02,site15,patch,archeologique,non_archeologique,0.170565,0.829435,false_negative,data\exports_qgis\rgb\site15_patch02.png,data\exports_qgis\lidar\site15_patch02_lidar.png
exports_qgis:site15_patch03,exports_qgis,site15_patch03,site15,patch,archeologique,non_archeologique,0.167758,0.832242,false_negative,data\exports_qgis\rgb\site15_patch03.png,data\exports_qgis\lidar\site15_patch03_lidar.png
exports_qgis_auto:site01_large,exports_qgis_auto,site01_large,site01,large,archeologique,archeologique,0.755953,0.755953,correct,data\exports_qgis_auto\rgb\site01_large.png,data\exports_qgis_auto\lidar\site01_large_lidar.png
exports_qgis_auto:site01_neg_auto01,exports_qgis_auto,site01_neg_auto01,site01,neg,non_archeologique,archeologique,0.460958,0.539042,false_positive,data\exports_qgis_auto\rgb\site01_neg_auto01.png,data\exports_qgis_auto\lidar\site01_neg_auto01_lidar.png
exports_qgis_auto:site01_neg_auto02,exports_qgis_auto,site01_neg_auto02,site01,neg,non_archeologique,non_archeologique,0.144690,0.855310,correct,data\exports_qgis_auto\rgb\site01_neg_auto02.png,data\exports_qgis_auto\lidar\site01_neg_auto02_lidar.png
exports_qgis_auto:site01_neg_auto03,exports_qgis_auto,site01_neg_auto03,site01,neg,non_archeologique,archeologique,0.866804,0.866804,false_positive,data\exports_qgis_auto\rgb\site01_neg_auto03.png,data\exports_qgis_auto\lidar\site01_neg_auto03_lidar.png
exports_qgis_auto:site01_neg_auto04,exports_qgis_auto,site01_neg_auto04,site01,neg,non_archeologique,non_archeologique,0.049316,0.950684,correct,data\exports_qgis_auto\rgb\site01_neg_auto04.png,data\exports_qgis_auto\lidar\site01_neg_auto04_lidar.png
exports_qgis_auto:site01_neg_auto05,exports_qgis_auto,site01_neg_auto05,site01,neg,non_archeologique,archeologique,0.779305,0.779305,false_positive,data\exports_qgis_auto\rgb\site01_neg_auto05.png,data\exports_qgis_auto\lidar\site01_neg_auto05_lidar.png
exports_qgis_auto:site01_neg_auto06,exports_qgis_auto,site01_neg_auto06,site01,neg,non_archeologique,non_archeologique,0.291122,0.708878,correct,data\exports_qgis_auto\rgb\site01_neg_auto06.png,data\exports_qgis_auto\lidar\site01_neg_auto06_lidar.png
exports_qgis_auto:site01_patch,exports_qgis_auto,site01_patch,site01,patch,archeologique,archeologique,0.504560,0.504560,correct,data\exports_qgis_auto\rgb\site01_patch.png,data\exports_qgis_auto\lidar\site01_patch_lidar.png
exports_qgis_auto:site02_large,exports_qgis_auto,site02_large,site02,large,archeologique,archeologique,0.533425,0.533425,correct,data\exports_qgis_auto\rgb\site02_large.png,data\exports_qgis_auto\lidar\site02_large_lidar.png
exports_qgis_auto:site02_neg_auto01,exports_qgis_auto,site02_neg_auto01,site02,neg,non_archeologique,non_archeologique,0.410174,0.589826,correct,data\exports_qgis_auto\rgb\site02_neg_auto01.png,data\exports_qgis_auto\lidar\site02_neg_auto01_lidar.png
exports_qgis_auto:site02_neg_auto03,exports_qgis_auto,site02_neg_auto03,site02,neg,non_archeologique,archeologique,0.917773,0.917773,false_positive,data\exports_qgis_auto\rgb\site02_neg_auto03.png,data\exports_qgis_auto\lidar\site02_neg_auto03_lidar.png
exports_qgis_auto:site02_neg_auto04,exports_qgis_auto,site02_neg_auto04,site02,neg,non_archeologique,archeologique,0.692432,0.692432,false_positive,data\exports_qgis_auto\rgb\site02_neg_auto04.png,data\exports_qgis_auto\lidar\site02_neg_auto04_lidar.png
exports_qgis_auto:site02_neg_auto05,exports_qgis_auto,site02_neg_auto05,site02,neg,non_archeologique,archeologique,0.954690,0.954690,false_positive,data\exports_qgis_auto\rgb\site02_neg_auto05.png,data\exports_qgis_auto\lidar\site02_neg_auto05_lidar.png
exports_qgis_auto:site02_neg_auto06,exports_qgis_auto,site02_neg_auto06,site02,neg,non_archeologique,archeologique,0.753877,0.753877,false_positive,data\exports_qgis_auto\rgb\site02_neg_auto06.png,data\exports_qgis_auto\lidar\site02_neg_auto06_lidar.png
exports_qgis_auto:site02_patch,exports_qgis_auto,site02_patch,site02,patch,archeologique,archeologique,0.781682,0.781682,correct,data\exports_qgis_auto\rgb\site02_patch.png,data\exports_qgis_auto\lidar\site02_patch_lidar.png
exports_qgis_auto:site03_large,exports_qgis_auto,site03_large,site03,large,archeologique,non_archeologique,0.049920,0.950080,false_negative,data\exports_qgis_auto\rgb\site03_large.png,data\exports_qgis_auto\lidar\site03_large_lidar.png
exports_qgis_auto:site03_neg_auto01,exports_qgis_auto,site03_neg_auto01,site03,neg,non_archeologique,non_archeologique,0.196067,0.803933,correct,data\exports_qgis_auto\rgb\site03_neg_auto01.png,data\exports_qgis_auto\lidar\site03_neg_auto01_lidar.png
exports_qgis_auto:site03_neg_auto02,exports_qgis_auto,site03_neg_auto02,site03,neg,non_archeologique,non_archeologique,0.192287,0.807713,correct,data\exports_qgis_auto\rgb\site03_neg_auto02.png,data\exports_qgis_auto\lidar\site03_neg_auto02_lidar.png
exports_qgis_auto:site03_neg_auto03,exports_qgis_auto,site03_neg_auto03,site03,neg,non_archeologique,non_archeologique,0.004022,0.995978,correct,data\exports_qgis_auto\rgb\site03_neg_auto03.png,data\exports_qgis_auto\lidar\site03_neg_auto03_lidar.png
exports_qgis_auto:site03_neg_auto04,exports_qgis_auto,site03_neg_auto04,site03,neg,non_archeologique,non_archeologique,0.282655,0.717345,correct,data\exports_qgis_auto\rgb\site03_neg_auto04.png,data\exports_qgis_auto\lidar\site03_neg_auto04_lidar.png
exports_qgis_auto:site03_neg_auto05,exports_qgis_auto,site03_neg_auto05,site03,neg,non_archeologique,non_archeologique,0.077770,0.922230,correct,data\exports_qgis_auto\rgb\site03_neg_auto05.png,data\exports_qgis_auto\lidar\site03_neg_auto05_lidar.png
exports_qgis_auto:site03_neg_auto06,exports_qgis_auto,site03_neg_auto06,site03,neg,non_archeologique,non_archeologique,0.031518,0.968482,correct,data\exports_qgis_auto\rgb\site03_neg_auto06.png,data\exports_qgis_auto\lidar\site03_neg_auto06_lidar.png
exports_qgis_auto:site03_patch,exports_qgis_auto,site03_patch,site03,patch,archeologique,non_archeologique,0.017436,0.982564,false_negative,data\exports_qgis_auto\rgb\site03_patch.png,data\exports_qgis_auto\lidar\site03_patch_lidar.png
exports_qgis_auto:site04_large,exports_qgis_auto,site04_large,site04,large,archeologique,archeologique,0.535401,0.535401,correct,data\exports_qgis_auto\rgb\site04_large.png,data\exports_qgis_auto\lidar\site04_large_lidar.png
exports_qgis_auto:site04_neg_auto01,exports_qgis_auto,site04_neg_auto01,site04,neg,non_archeologique,non_archeologique,0.216773,0.783227,correct,data\exports_qgis_auto\rgb\site04_neg_auto01.png,data\exports_qgis_auto\lidar\site04_neg_auto01_lidar.png
exports_qgis_auto:site04_neg_auto02,exports_qgis_auto,site04_neg_auto02,site04,neg,non_archeologique,non_archeologique,0.114240,0.885760,correct,data\exports_qgis_auto\rgb\site04_neg_auto02.png,data\exports_qgis_auto\lidar\site04_neg_auto02_lidar.png
exports_qgis_auto:site04_neg_auto03,exports_qgis_auto,site04_neg_auto03,site04,neg,non_archeologique,non_archeologique,0.074555,0.925445,correct,data\exports_qgis_auto\rgb\site04_neg_auto03.png,data\exports_qgis_auto\lidar\site04_neg_auto03_lidar.png
exports_qgis_auto:site04_neg_auto04,exports_qgis_auto,site04_neg_auto04,site04,neg,non_archeologique,non_archeologique,0.110380,0.889620,correct,data\exports_qgis_auto\rgb\site04_neg_auto04.png,data\exports_qgis_auto\lidar\site04_neg_auto04_lidar.png
exports_qgis_auto:site04_neg_auto05,exports_qgis_auto,site04_neg_auto05,site04,neg,non_archeologique,non_archeologique,0.131075,0.868925,correct,data\exports_qgis_auto\rgb\site04_neg_auto05.png,data\exports_qgis_auto\lidar\site04_neg_auto05_lidar.png
exports_qgis_auto:site04_neg_auto06,exports_qgis_auto,site04_neg_auto06,site04,neg,non_archeologique,non_archeologique,0.237190,0.762810,correct,data\exports_qgis_auto\rgb\site04_neg_auto06.png,data\exports_qgis_auto\lidar\site04_neg_auto06_lidar.png
exports_qgis_auto:site04_patch,exports_qgis_auto,site04_patch,site04,patch,archeologique,archeologique,0.758391,0.758391,correct,data\exports_qgis_auto\rgb\site04_patch.png,data\exports_qgis_auto\lidar\site04_patch_lidar.png
exports_qgis_auto:site05_large,exports_qgis_auto,site05_large,site05,large,archeologique,non_archeologique,0.108118,0.891882,false_negative,data\exports_qgis_auto\rgb\site05_large.png,data\exports_qgis_auto\lidar\site05_large_lidar.png
exports_qgis_auto:site05_neg_auto01,exports_qgis_auto,site05_neg_auto01,site05,neg,non_archeologique,non_archeologique,0.029964,0.970036,correct,data\exports_qgis_auto\rgb\site05_neg_auto01.png,data\exports_qgis_auto\lidar\site05_neg_auto01_lidar.png
exports_qgis_auto:site05_neg_auto02,exports_qgis_auto,site05_neg_auto02,site05,neg,non_archeologique,non_archeologique,0.030847,0.969153,correct,data\exports_qgis_auto\rgb\site05_neg_auto02.png,data\exports_qgis_auto\lidar\site05_neg_auto02_lidar.png
exports_qgis_auto:site05_neg_auto03,exports_qgis_auto,site05_neg_auto03,site05,neg,non_archeologique,non_archeologique,0.036339,0.963661,correct,data\exports_qgis_auto\rgb\site05_neg_auto03.png,data\exports_qgis_auto\lidar\site05_neg_auto03_lidar.png
exports_qgis_auto:site05_neg_auto04,exports_qgis_auto,site05_neg_auto04,site05,neg,non_archeologique,non_archeologique,0.030209,0.969791,correct,data\exports_qgis_auto\rgb\site05_neg_auto04.png,data\exports_qgis_auto\lidar\site05_neg_auto04_lidar.png
exports_qgis_auto:site05_neg_auto05,exports_qgis_auto,site05_neg_auto05,site05,neg,non_archeologique,non_archeologique,0.030666,0.969334,correct,data\exports_qgis_auto\rgb\site05_neg_auto05.png,data\exports_qgis_auto\lidar\site05_neg_auto05_lidar.png
exports_qgis_auto:site05_neg_auto06,exports_qgis_auto,site05_neg_auto06,site05,neg,non_archeologique,non_archeologique,0.027013,0.972987,correct,data\exports_qgis_auto\rgb\site05_neg_auto06.png,data\exports_qgis_auto\lidar\site05_neg_auto06_lidar.png
exports_qgis_auto:site05_patch,exports_qgis_auto,site05_patch,site05,patch,archeologique,archeologique,0.704459,0.704459,correct,data\exports_qgis_auto\rgb\site05_patch.png,data\exports_qgis_auto\lidar\site05_patch_lidar.png
exports_qgis_auto:site06_large,exports_qgis_auto,site06_large,site06,large,archeologique,non_archeologique,0.041851,0.958149,false_negative,data\exports_qgis_auto\rgb\site06_large.png,data\exports_qgis_auto\lidar\site06_large_lidar.png
exports_qgis_auto:site06_neg_auto01,exports_qgis_auto,site06_neg_auto01,site06,neg,non_archeologique,non_archeologique,0.096597,0.903403,correct,data\exports_qgis_auto\rgb\site06_neg_auto01.png,data\exports_qgis_auto\lidar\site06_neg_auto01_lidar.png
exports_qgis_auto:site06_neg_auto02,exports_qgis_auto,site06_neg_auto02,site06,neg,non_archeologique,non_archeologique,0.015876,0.984124,correct,data\exports_qgis_auto\rgb\site06_neg_auto02.png,data\exports_qgis_auto\lidar\site06_neg_auto02_lidar.png
exports_qgis_auto:site06_neg_auto03,exports_qgis_auto,site06_neg_auto03,site06,neg,non_archeologique,non_archeologique,0.079235,0.920765,correct,data\exports_qgis_auto\rgb\site06_neg_auto03.png,data\exports_qgis_auto\lidar\site06_neg_auto03_lidar.png
exports_qgis_auto:site06_neg_auto04,exports_qgis_auto,site06_neg_auto04,site06,neg,non_archeologique,non_archeologique,0.091002,0.908998,correct,data\exports_qgis_auto\rgb\site06_neg_auto04.png,data\exports_qgis_auto\lidar\site06_neg_auto04_lidar.png
exports_qgis_auto:site06_neg_auto05,exports_qgis_auto,site06_neg_auto05,site06,neg,non_archeologique,non_archeologique,0.009472,0.990528,correct,data\exports_qgis_auto\rgb\site06_neg_auto05.png,data\exports_qgis_auto\lidar\site06_neg_auto05_lidar.png
exports_qgis_auto:site06_neg_auto06,exports_qgis_auto,site06_neg_auto06,site06,neg,non_archeologique,non_archeologique,0.151859,0.848141,correct,data\exports_qgis_auto\rgb\site06_neg_auto06.png,data\exports_qgis_auto\lidar\site06_neg_auto06_lidar.png
exports_qgis_auto:site06_patch,exports_qgis_auto,site06_patch,site06,patch,archeologique,non_archeologique,0.213864,0.786136,false_negative,data\exports_qgis_auto\rgb\site06_patch.png,data\exports_qgis_auto\lidar\site06_patch_lidar.png
exports_qgis_auto:site07_large,exports_qgis_auto,site07_large,site07,large,archeologique,archeologique,0.472139,0.527861,correct,data\exports_qgis_auto\rgb\site07_large.png,data\exports_qgis_auto\lidar\site07_large_lidar.png
exports_qgis_auto:site07_neg_auto01,exports_qgis_auto,site07_neg_auto01,site07,neg,non_archeologique,non_archeologique,0.072968,0.927032,correct,data\exports_qgis_auto\rgb\site07_neg_auto01.png,data\exports_qgis_auto\lidar\site07_neg_auto01_lidar.png
exports_qgis_auto:site07_neg_auto02,exports_qgis_auto,site07_neg_auto02,site07,neg,non_archeologique,non_archeologique,0.203280,0.796720,correct,data\exports_qgis_auto\rgb\site07_neg_auto02.png,data\exports_qgis_auto\lidar\site07_neg_auto02_lidar.png
exports_qgis_auto:site07_neg_auto03,exports_qgis_auto,site07_neg_auto03,site07,neg,non_archeologique,non_archeologique,0.023428,0.976572,correct,data\exports_qgis_auto\rgb\site07_neg_auto03.png,data\exports_qgis_auto\lidar\site07_neg_auto03_lidar.png
exports_qgis_auto:site07_neg_auto04,exports_qgis_auto,site07_neg_auto04,site07,neg,non_archeologique,non_archeologique,0.046367,0.953633,correct,data\exports_qgis_auto\rgb\site07_neg_auto04.png,data\exports_qgis_auto\lidar\site07_neg_auto04_lidar.png
exports_qgis_auto:site07_neg_auto05,exports_qgis_auto,site07_neg_auto05,site07,neg,non_archeologique,non_archeologique,0.051968,0.948032,correct,data\exports_qgis_auto\rgb\site07_neg_auto05.png,data\exports_qgis_auto\lidar\site07_neg_auto05_lidar.png
exports_qgis_auto:site07_neg_auto06,exports_qgis_auto,site07_neg_auto06,site07,neg,non_archeologique,non_archeologique,0.026822,0.973178,correct,data\exports_qgis_auto\rgb\site07_neg_auto06.png,data\exports_qgis_auto\lidar\site07_neg_auto06_lidar.png
exports_qgis_auto:site07_patch,exports_qgis_auto,site07_patch,site07,patch,archeologique,archeologique,0.892822,0.892822,correct,data\exports_qgis_auto\rgb\site07_patch.png,data\exports_qgis_auto\lidar\site07_patch_lidar.png
exports_qgis_auto:site08_large,exports_qgis_auto,site08_large,site08,large,archeologique,archeologique,0.810851,0.810851,correct,data\exports_qgis_auto\rgb\site08_large.png,data\exports_qgis_auto\lidar\site08_large_lidar.png
exports_qgis_auto:site08_neg_auto01,exports_qgis_auto,site08_neg_auto01,site08,neg,non_archeologique,non_archeologique,0.386000,0.614000,correct,data\exports_qgis_auto\rgb\site08_neg_auto01.png,data\exports_qgis_auto\lidar\site08_neg_auto01_lidar.png
exports_qgis_auto:site08_neg_auto02,exports_qgis_auto,site08_neg_auto02,site08,neg,non_archeologique,non_archeologique,0.227195,0.772805,correct,data\exports_qgis_auto\rgb\site08_neg_auto02.png,data\exports_qgis_auto\lidar\site08_neg_auto02_lidar.png
exports_qgis_auto:site08_neg_auto03,exports_qgis_auto,site08_neg_auto03,site08,neg,non_archeologique,non_archeologique,0.076634,0.923366,correct,data\exports_qgis_auto\rgb\site08_neg_auto03.png,data\exports_qgis_auto\lidar\site08_neg_auto03_lidar.png
exports_qgis_auto:site08_neg_auto04,exports_qgis_auto,site08_neg_auto04,site08,neg,non_archeologique,non_archeologique,0.295047,0.704953,correct,data\exports_qgis_auto\rgb\site08_neg_auto04.png,data\exports_qgis_auto\lidar\site08_neg_auto04_lidar.png
exports_qgis_auto:site08_neg_auto05,exports_qgis_auto,site08_neg_auto05,site08,neg,non_archeologique,non_archeologique,0.021689,0.978311,correct,data\exports_qgis_auto\rgb\site08_neg_auto05.png,data\exports_qgis_auto\lidar\site08_neg_auto05_lidar.png
exports_qgis_auto:site08_neg_auto06,exports_qgis_auto,site08_neg_auto06,site08,neg,non_archeologique,non_archeologique,0.128657,0.871343,correct,data\exports_qgis_auto\rgb\site08_neg_auto06.png,data\exports_qgis_auto\lidar\site08_neg_auto06_lidar.png
exports_qgis_auto:site08_patch,exports_qgis_auto,site08_patch,site08,patch,archeologique,non_archeologique,0.412652,0.587348,false_negative,data\exports_qgis_auto\rgb\site08_patch.png,data\exports_qgis_auto\lidar\site08_patch_lidar.png
exports_qgis_auto:site09_large,exports_qgis_auto,site09_large,site09,large,archeologique,non_archeologique,0.249866,0.750134,false_negative,data\exports_qgis_auto\rgb\site09_large.png,data\exports_qgis_auto\lidar\site09_large_lidar.png
exports_qgis_auto:site09_neg_auto01,exports_qgis_auto,site09_neg_auto01,site09,neg,non_archeologique,non_archeologique,0.081084,0.918916,correct,data\exports_qgis_auto\rgb\site09_neg_auto01.png,data\exports_qgis_auto\lidar\site09_neg_auto01_lidar.png
exports_qgis_auto:site09_neg_auto02,exports_qgis_auto,site09_neg_auto02,site09,neg,non_archeologique,non_archeologique,0.008246,0.991754,correct,data\exports_qgis_auto\rgb\site09_neg_auto02.png,data\exports_qgis_auto\lidar\site09_neg_auto02_lidar.png
exports_qgis_auto:site09_neg_auto03,exports_qgis_auto,site09_neg_auto03,site09,neg,non_archeologique,non_archeologique,0.013466,0.986534,correct,data\exports_qgis_auto\rgb\site09_neg_auto03.png,data\exports_qgis_auto\lidar\site09_neg_auto03_lidar.png
exports_qgis_auto:site09_neg_auto04,exports_qgis_auto,site09_neg_auto04,site09,neg,non_archeologique,non_archeologique,0.040911,0.959089,correct,data\exports_qgis_auto\rgb\site09_neg_auto04.png,data\exports_qgis_auto\lidar\site09_neg_auto04_lidar.png
exports_qgis_auto:site09_neg_auto05,exports_qgis_auto,site09_neg_auto05,site09,neg,non_archeologique,non_archeologique,0.095504,0.904496,correct,data\exports_qgis_auto\rgb\site09_neg_auto05.png,data\exports_qgis_auto\lidar\site09_neg_auto05_lidar.png
exports_qgis_auto:site09_neg_auto06,exports_qgis_auto,site09_neg_auto06,site09,neg,non_archeologique,non_archeologique,0.051453,0.948547,correct,data\exports_qgis_auto\rgb\site09_neg_auto06.png,data\exports_qgis_auto\lidar\site09_neg_auto06_lidar.png
exports_qgis_auto:site09_patch,exports_qgis_auto,site09_patch,site09,patch,archeologique,non_archeologique,0.013696,0.986304,false_negative,data\exports_qgis_auto\rgb\site09_patch.png,data\exports_qgis_auto\lidar\site09_patch_lidar.png
exports_qgis_auto:site10_large,exports_qgis_auto,site10_large,site10,large,archeologique,non_archeologique,0.064345,0.935655,false_negative,data\exports_qgis_auto\rgb\site10_large.png,data\exports_qgis_auto\lidar\site10_large_lidar.png
exports_qgis_auto:site10_neg_auto01,exports_qgis_auto,site10_neg_auto01,site10,neg,non_archeologique,non_archeologique,0.011010,0.988990,correct,data\exports_qgis_auto\rgb\site10_neg_auto01.png,data\exports_qgis_auto\lidar\site10_neg_auto01_lidar.png
exports_qgis_auto:site10_neg_auto02,exports_qgis_auto,site10_neg_auto02,site10,neg,non_archeologique,non_archeologique,0.017945,0.982055,correct,data\exports_qgis_auto\rgb\site10_neg_auto02.png,data\exports_qgis_auto\lidar\site10_neg_auto02_lidar.png
exports_qgis_auto:site10_neg_auto03,exports_qgis_auto,site10_neg_auto03,site10,neg,non_archeologique,non_archeologique,0.055708,0.944292,correct,data\exports_qgis_auto\rgb\site10_neg_auto03.png,data\exports_qgis_auto\lidar\site10_neg_auto03_lidar.png
exports_qgis_auto:site10_neg_auto04,exports_qgis_auto,site10_neg_auto04,site10,neg,non_archeologique,non_archeologique,0.057213,0.942787,correct,data\exports_qgis_auto\rgb\site10_neg_auto04.png,data\exports_qgis_auto\lidar\site10_neg_auto04_lidar.png
exports_qgis_auto:site10_neg_auto05,exports_qgis_auto,site10_neg_auto05,site10,neg,non_archeologique,non_archeologique,0.014368,0.985632,correct,data\exports_qgis_auto\rgb\site10_neg_auto05.png,data\exports_qgis_auto\lidar\site10_neg_auto05_lidar.png
exports_qgis_auto:site10_neg_auto06,exports_qgis_auto,site10_neg_auto06,site10,neg,non_archeologique,non_archeologique,0.066935,0.933065,correct,data\exports_qgis_auto\rgb\site10_neg_auto06.png,data\exports_qgis_auto\lidar\site10_neg_auto06_lidar.png
exports_qgis_auto:site10_patch,exports_qgis_auto,site10_patch,site10,patch,archeologique,archeologique,0.937189,0.937189,correct,data\exports_qgis_auto\rgb\site10_patch.png,data\exports_qgis_auto\lidar\site10_patch_lidar.png
exports_qgis_auto:site11_large,exports_qgis_auto,site11_large,site11,large,archeologique,non_archeologique,0.167656,0.832344,false_negative,data\exports_qgis_auto\rgb\site11_large.png,data\exports_qgis_auto\lidar\site11_large_lidar.png
exports_qgis_auto:site11_neg_auto01,exports_qgis_auto,site11_neg_auto01,site11,neg,non_archeologique,non_archeologique,0.073229,0.926771,correct,data\exports_qgis_auto\rgb\site11_neg_auto01.png,data\exports_qgis_auto\lidar\site11_neg_auto01_lidar.png
exports_qgis_auto:site11_neg_auto02,exports_qgis_auto,site11_neg_auto02,site11,neg,non_archeologique,non_archeologique,0.040795,0.959205,correct,data\exports_qgis_auto\rgb\site11_neg_auto02.png,data\exports_qgis_auto\lidar\site11_neg_auto02_lidar.png
exports_qgis_auto:site11_neg_auto03,exports_qgis_auto,site11_neg_auto03,site11,neg,non_archeologique,non_archeologique,0.313868,0.686132,correct,data\exports_qgis_auto\rgb\site11_neg_auto03.png,data\exports_qgis_auto\lidar\site11_neg_auto03_lidar.png
exports_qgis_auto:site11_neg_auto04,exports_qgis_auto,site11_neg_auto04,site11,neg,non_archeologique,non_archeologique,0.197612,0.802388,correct,data\exports_qgis_auto\rgb\site11_neg_auto04.png,data\exports_qgis_auto\lidar\site11_neg_auto04_lidar.png
exports_qgis_auto:site11_neg_auto05,exports_qgis_auto,site11_neg_auto05,site11,neg,non_archeologique,non_archeologique,0.021978,0.978022,correct,data\exports_qgis_auto\rgb\site11_neg_auto05.png,data\exports_qgis_auto\lidar\site11_neg_auto05_lidar.png
exports_qgis_auto:site11_neg_auto06,exports_qgis_auto,site11_neg_auto06,site11,neg,non_archeologique,non_archeologique,0.033171,0.966829,correct,data\exports_qgis_auto\rgb\site11_neg_auto06.png,data\exports_qgis_auto\lidar\site11_neg_auto06_lidar.png
exports_qgis_auto:site11_patch,exports_qgis_auto,site11_patch,site11,patch,archeologique,archeologique,0.899920,0.899920,correct,data\exports_qgis_auto\rgb\site11_patch.png,data\exports_qgis_auto\lidar\site11_patch_lidar.png
exports_qgis_auto:site12_large,exports_qgis_auto,site12_large,site12,large,archeologique,non_archeologique,0.385308,0.614692,false_negative,data\exports_qgis_auto\rgb\site12_large.png,data\exports_qgis_auto\lidar\site12_large_lidar.png
exports_qgis_auto:site12_neg_auto01,exports_qgis_auto,site12_neg_auto01,site12,neg,non_archeologique,non_archeologique,0.085167,0.914833,correct,data\exports_qgis_auto\rgb\site12_neg_auto01.png,data\exports_qgis_auto\lidar\site12_neg_auto01_lidar.png
exports_qgis_auto:site12_neg_auto02,exports_qgis_auto,site12_neg_auto02,site12,neg,non_archeologique,non_archeologique,0.025697,0.974303,correct,data\exports_qgis_auto\rgb\site12_neg_auto02.png,data\exports_qgis_auto\lidar\site12_neg_auto02_lidar.png
exports_qgis_auto:site12_neg_auto03,exports_qgis_auto,site12_neg_auto03,site12,neg,non_archeologique,archeologique,0.758394,0.758394,false_positive,data\exports_qgis_auto\rgb\site12_neg_auto03.png,data\exports_qgis_auto\lidar\site12_neg_auto03_lidar.png
exports_qgis_auto:site12_neg_auto04,exports_qgis_auto,site12_neg_auto04,site12,neg,non_archeologique,non_archeologique,0.034671,0.965329,correct,data\exports_qgis_auto\rgb\site12_neg_auto04.png,data\exports_qgis_auto\lidar\site12_neg_auto04_lidar.png
exports_qgis_auto:site12_neg_auto05,exports_qgis_auto,site12_neg_auto05,site12,neg,non_archeologique,non_archeologique,0.100025,0.899975,correct,data\exports_qgis_auto\rgb\site12_neg_auto05.png,data\exports_qgis_auto\lidar\site12_neg_auto05_lidar.png
exports_qgis_auto:site12_neg_auto06,exports_qgis_auto,site12_neg_auto06,site12,neg,non_archeologique,non_archeologique,0.003906,0.996094,correct,data\exports_qgis_auto\rgb\site12_neg_auto06.png,data\exports_qgis_auto\lidar\site12_neg_auto06_lidar.png
exports_qgis_auto:site12_patch,exports_qgis_auto,site12_patch,site12,patch,archeologique,archeologique,0.592602,0.592602,correct,data\exports_qgis_auto\rgb\site12_patch.png,data\exports_qgis_auto\lidar\site12_patch_lidar.png
exports_qgis_auto:site13_large,exports_qgis_auto,site13_large,site13,large,archeologique,archeologique,0.526111,0.526111,correct,data\exports_qgis_auto\rgb\site13_large.png,data\exports_qgis_auto\lidar\site13_large_lidar.png
exports_qgis_auto:site13_neg_auto01,exports_qgis_auto,site13_neg_auto01,site13,neg,non_archeologique,non_archeologique,0.166073,0.833927,correct,data\exports_qgis_auto\rgb\site13_neg_auto01.png,data\exports_qgis_auto\lidar\site13_neg_auto01_lidar.png
exports_qgis_auto:site13_neg_auto02,exports_qgis_auto,site13_neg_auto02,site13,neg,non_archeologique,non_archeologique,0.159917,0.840083,correct,data\exports_qgis_auto\rgb\site13_neg_auto02.png,data\exports_qgis_auto\lidar\site13_neg_auto02_lidar.png
exports_qgis_auto:site13_neg_auto03,exports_qgis_auto,site13_neg_auto03,site13,neg,non_archeologique,archeologique,0.500180,0.500180,false_positive,data\exports_qgis_auto\rgb\site13_neg_auto03.png,data\exports_qgis_auto\lidar\site13_neg_auto03_lidar.png
exports_qgis_auto:site13_neg_auto04,exports_qgis_auto,site13_neg_auto04,site13,neg,non_archeologique,non_archeologique,0.349689,0.650311,correct,data\exports_qgis_auto\rgb\site13_neg_auto04.png,data\exports_qgis_auto\lidar\site13_neg_auto04_lidar.png
exports_qgis_auto:site13_neg_auto05,exports_qgis_auto,site13_neg_auto05,site13,neg,non_archeologique,non_archeologique,0.361791,0.638209,correct,data\exports_qgis_auto\rgb\site13_neg_auto05.png,data\exports_qgis_auto\lidar\site13_neg_auto05_lidar.png
exports_qgis_auto:site13_neg_auto06,exports_qgis_auto,site13_neg_auto06,site13,neg,non_archeologique,non_archeologique,0.149991,0.850009,correct,data\exports_qgis_auto\rgb\site13_neg_auto06.png,data\exports_qgis_auto\lidar\site13_neg_auto06_lidar.png
exports_qgis_auto:site13_patch,exports_qgis_auto,site13_patch,site13,patch,archeologique,archeologique,0.846524,0.846524,correct,data\exports_qgis_auto\rgb\site13_patch.png,data\exports_qgis_auto\lidar\site13_patch_lidar.png
exports_qgis_auto:site14_large,exports_qgis_auto,site14_large,site14,large,archeologique,archeologique,0.696330,0.696330,correct,data\exports_qgis_auto\rgb\site14_large.png,data\exports_qgis_auto\lidar\site14_large_lidar.png
exports_qgis_auto:site14_neg_auto01,exports_qgis_auto,site14_neg_auto01,site14,neg,non_archeologique,non_archeologique,0.041465,0.958535,correct,data\exports_qgis_auto\rgb\site14_neg_auto01.png,data\exports_qgis_auto\lidar\site14_neg_auto01_lidar.png
exports_qgis_auto:site14_neg_auto02,exports_qgis_auto,site14_neg_auto02,site14,neg,non_archeologique,non_archeologique,0.365847,0.634153,correct,data\exports_qgis_auto\rgb\site14_neg_auto02.png,data\exports_qgis_auto\lidar\site14_neg_auto02_lidar.png
exports_qgis_auto:site14_neg_auto03,exports_qgis_auto,site14_neg_auto03,site14,neg,non_archeologique,non_archeologique,0.080783,0.919217,correct,data\exports_qgis_auto\rgb\site14_neg_auto03.png,data\exports_qgis_auto\lidar\site14_neg_auto03_lidar.png
exports_qgis_auto:site14_neg_auto04,exports_qgis_auto,site14_neg_auto04,site14,neg,non_archeologique,non_archeologique,0.044931,0.955069,correct,data\exports_qgis_auto\rgb\site14_neg_auto04.png,data\exports_qgis_auto\lidar\site14_neg_auto04_lidar.png
exports_qgis_auto:site14_neg_auto05,exports_qgis_auto,site14_neg_auto05,site14,neg,non_archeologique,non_archeologique,0.186034,0.813966,correct,data\exports_qgis_auto\rgb\site14_neg_auto05.png,data\exports_qgis_auto\lidar\site14_neg_auto05_lidar.png
exports_qgis_auto:site14_neg_auto06,exports_qgis_auto,site14_neg_auto06,site14,neg,non_archeologique,archeologique,0.461471,0.538529,false_positive,data\exports_qgis_auto\rgb\site14_neg_auto06.png,data\exports_qgis_auto\lidar\site14_neg_auto06_lidar.png
exports_qgis_auto:site14_patch,exports_qgis_auto,site14_patch,site14,patch,archeologique,archeologique,0.620426,0.620426,correct,data\exports_qgis_auto\rgb\site14_patch.png,data\exports_qgis_auto\lidar\site14_patch_lidar.png
exports_qgis_auto:site15_large,exports_qgis_auto,site15_large,site15,large,archeologique,non_archeologique,0.133005,0.866995,false_negative,data\exports_qgis_auto\rgb\site15_large.png,data\exports_qgis_auto\lidar\site15_large_lidar.png
exports_qgis_auto:site15_neg_auto01,exports_qgis_auto,site15_neg_auto01,site15,neg,non_archeologique,non_archeologique,0.023414,0.976586,correct,data\exports_qgis_auto\rgb\site15_neg_auto01.png,data\exports_qgis_auto\lidar\site15_neg_auto01_lidar.png
exports_qgis_auto:site15_neg_auto02,exports_qgis_auto,site15_neg_auto02,site15,neg,non_archeologique,non_archeologique,0.045916,0.954084,correct,data\exports_qgis_auto\rgb\site15_neg_auto02.png,data\exports_qgis_auto\lidar\site15_neg_auto02_lidar.png
exports_qgis_auto:site15_neg_auto03,exports_qgis_auto,site15_neg_auto03,site15,neg,non_archeologique,non_archeologique,0.025759,0.974241,correct,data\exports_qgis_auto\rgb\site15_neg_auto03.png,data\exports_qgis_auto\lidar\site15_neg_auto03_lidar.png
exports_qgis_auto:site15_neg_auto04,exports_qgis_auto,site15_neg_auto04,site15,neg,non_archeologique,non_archeologique,0.054570,0.945430,correct,data\exports_qgis_auto\rgb\site15_neg_auto04.png,data\exports_qgis_auto\lidar\site15_neg_auto04_lidar.png
exports_qgis_auto:site15_neg_auto05,exports_qgis_auto,site15_neg_auto05,site15,neg,non_archeologique,non_archeologique,0.084419,0.915581,correct,data\exports_qgis_auto\rgb\site15_neg_auto05.png,data\exports_qgis_auto\lidar\site15_neg_auto05_lidar.png
exports_qgis_auto:site15_neg_auto06,exports_qgis_auto,site15_neg_auto06,site15,neg,non_archeologique,non_archeologique,0.037590,0.962410,correct,data\exports_qgis_auto\rgb\site15_neg_auto06.png,data\exports_qgis_auto\lidar\site15_neg_auto06_lidar.png
exports_qgis_auto:site15_patch,exports_qgis_auto,site15_patch,site15,patch,archeologique,non_archeologique,0.111679,0.888321,false_negative,data\exports_qgis_auto\rgb\site15_patch.png,data\exports_qgis_auto\lidar\site15_patch_lidar.png
