source,modality,image_id,image_path,mask_path,width,height,bbox_x1,bbox_y1,bbox_x2,bbox_y2,bbox_area_ratio,changed_ratio,touches_edge,status
exports_qgis,rgb,site01_large,C:\Users\Mathieu\Documents\New project\Stage_2A\data\exports_qgis\rgb\site01_large.png,C:\Users\Mathieu\Documents\New project\Stage_2A\data\exports_qgis\rgb_masque\site01_large_masque.png,3507,2480,803,167,3378,2429,0.669703,0.006594,False,ok
exports_qgis,rgb,site01_patch01,C:\Users\Mathieu\Documents\New project\Stage_2A\data\exports_qgis\rgb\site01_patch01.png,C:\Users\Mathieu\Documents\New project\Stage_2A\data\exports_qgis\rgb_masque\site01_patch01_masque.png,3507,2480,285,180,3507,2479,0.851681,0.006123,True,bbox_too_large;bbox_touches_edge
exports_qgis,rgb,site01_patch02,C:\Users\Mathieu\Documents\New project\Stage_2A\data\exports_qgis\rgb\site01_patch02.png,C:\Users\Mathieu\Documents\New project\Stage_2A\data\exports_qgis\rgb_masque\site01_patch02_masque.png,3507,2480,549,0,3507,2232,0.759110,0.004566,True,bbox_touches_edge
exports_qgis,rgb,site01_patch03,C:\Users\Mathieu\Documents\New project\Stage_2A\data\exports_qgis\rgb\site01_patch03.png,C:\Users\Mathieu\Documents\New project\Stage_2A\data\exports_qgis\rgb_masque\site01_patch03_masque.png,3507,2480,1415,0,3504,2010,0.482778,0.001271,True,bbox_touches_edge
exports_qgis,rgb,site01_patch04,C:\Users\Mathieu\Documents\New project\Stage_2A\data\exports_qgis\rgb\site01_patch04.png,C:\Users\Mathieu\Documents\New project\Stage_2A\data\exports_qgis\rgb_masque\site01_patch04_masque.png,3507,2480,542,0,3283,1987,0.626209,0.004050,True,bbox_touches_edge
exports_qgis,rgb,site01_patch05,C:\Users\Mathieu\Documents\New project\Stage_2A\data\exports_qgis\rgb\site01_patch05.png,C:\Users\Mathieu\Documents\New project\Stage_2A\data\exports_qgis\rgb_masque\site01_patch05_masque.png,3507,2480,375,60,3261,2479,0.802684,0.005417,True,bbox_touches_edge
exports_qgis,rgb,site01_tres_large,C:\Users\Mathieu\Documents\New project\Stage_2A\data\exports_qgis\rgb\site01_tres_large.png,C:\Users\Mathieu\Documents\New project\Stage_2A\data\exports_qgis\rgb_masque\site01_tres_large_masque.png,3507,2480,85,22,3430,2432,0.926885,0.003087,True,bbox_too_large;bbox_touches_edge
exports_qgis,rgb,site02_large,C:\Users\Mathieu\Documents\New project\Stage_2A\data\exports_qgis\rgb\site02_large.png,C:\Users\Mathieu\Documents\New project\Stage_2A\data\exports_qgis\rgb_masque\site02_large_masque.png,3507,2480,1426,199,2082,1958,0.132673,0.003909,False,ok
exports_qgis,rgb,site02_patch01,C:\Users\Mathieu\Documents\New project\Stage_2A\data\exports_qgis\rgb\site02_patch01.png,C:\Users\Mathieu\Documents\New project\Stage_2A\data\exports_qgis\rgb_masque\site02_patch01_masque.png,3507,2480,1204,0,2259,1049,0.127245,0.002083,True,bbox_touches_edge
exports_qgis,rgb,site02_patch02,C:\Users\Mathieu\Documents\New project\Stage_2A\data\exports_qgis\rgb\site02_patch02.png,C:\Users\Mathieu\Documents\New project\Stage_2A\data\exports_qgis\rgb_masque\site02_patch02_masque.png,3507,2480,245,0,3507,2479,0.929765,0.007247,True,bbox_too_large;bbox_touches_edge
exports_qgis,rgb,site02_patch03,C:\Users\Mathieu\Documents\New project\Stage_2A\data\exports_qgis\rgb\site02_patch03.png,C:\Users\Mathieu\Documents\New project\Stage_2A\data\exports_qgis\rgb_masque\site02_patch03_masque.png,3507,2480,752,0,2951,2479,0.626779,0.004906,True,bbox_touches_edge
exports_qgis,rgb,site02_patch04,C:\Users\Mathieu\Documents\New project\Stage_2A\data\exports_qgis\rgb\site02_patch04.png,C:\Users\Mathieu\Documents\New project\Stage_2A\data\exports_qgis\rgb_masque\site02_patch04_masque.png,3507,2480,951,715,2201,2479,0.253525,0.004621,True,bbox_touches_edge
exports_qgis,rgb,site02_tres_large,C:\Users\Mathieu\Documents\New project\Stage_2A\data\exports_qgis\rgb\site02_tres_large.png,C:\Users\Mathieu\Documents\New project\Stage_2A\data\exports_qgis\rgb_masque\site02_tres_large_masque.png,3507,2480,1651,411,2022,1395,0.041974,0.002182,False,ok
exports_qgis,rgb,site03_large,C:\Users\Mathieu\Documents\New project\Stage_2A\data\exports_qgis\rgb\site03_large.png,C:\Users\Mathieu\Documents\New project\Stage_2A\data\exports_qgis\rgb_masque\site03_large_masque.png,3507,2480,768,207,2747,2272,0.469871,0.007269,False,ok
exports_qgis,rgb,site03_patch01,C:\Users\Mathieu\Documents\New project\Stage_2A\data\exports_qgis\rgb\site03_patch01.png,C:\Users\Mathieu\Documents\New project\Stage_2A\data\exports_qgis\rgb_masque\site03_patch01_masque.png,3507,2480,1032,679,3403,2479,0.490701,0.005603,True,bbox_touches_edge
exports_qgis,rgb,site03_patch03,C:\Users\Mathieu\Documents\New project\Stage_2A\data\exports_qgis\rgb\site03_patch03.png,C:\Users\Mathieu\Documents\New project\Stage_2A\data\exports_qgis\rgb_masque\site03_patch03_masque.png,3507,2480,0,0,2484,2479,0.708012,0.004035,True,bbox_touches_edge
exports_qgis,rgb,site03_patch04,C:\Users\Mathieu\Documents\New project\Stage_2A\data\exports_qgis\rgb\site03_patch04.png,C:\Users\Mathieu\Documents\New project\Stage_2A\data\exports_qgis\rgb_masque\site03_patch04_masque.png,3507,2480,453,0,2599,1381,0.340750,0.005411,True,bbox_touches_edge
exports_qgis,rgb,site03_tres_large,C:\Users\Mathieu\Documents\New project\Stage_2A\data\exports_qgis\rgb\site03_tres_large.png,C:\Users\Mathieu\Documents\New project\Stage_2A\data\exports_qgis\rgb_masque\site03_tres_large_masque.png,3507,2480,1079,452,2345,1719,0.184426,0.002696,False,ok
exports_qgis,rgb,site04_large,C:\Users\Mathieu\Documents\New project\Stage_2A\data\exports_qgis\rgb\site04_large.png,C:\Users\Mathieu\Documents\New project\Stage_2A\data\exports_qgis\rgb_masque\site04_large_masque.png,3507,2480,296,490,3223,1981,0.501780,0.008046,False,ok
exports_qgis,rgb,site04_patch01,C:\Users\Mathieu\Documents\New project\Stage_2A\data\exports_qgis\rgb\site04_patch01.png,C:\Users\Mathieu\Documents\New project\Stage_2A\data\exports_qgis\rgb_masque\site04_patch01_masque.png,3507,2480,89,0,3507,2479,0.974229,0.004695,True,bbox_too_large;bbox_touches_edge
exports_qgis,rgb,site04_patch02,C:\Users\Mathieu\Documents\New project\Stage_2A\data\exports_qgis\rgb\site04_patch02.png,C:\Users\Mathieu\Documents\New project\Stage_2A\data\exports_qgis\rgb_masque\site04_patch02_masque.png,3507,2480,423,414,3507,1663,0.442883,0.005001,True,bbox_touches_edge
exports_qgis,rgb,site04_patch03,C:\Users\Mathieu\Documents\New project\Stage_2A\data\exports_qgis\rgb\site04_patch03.png,C:\Users\Mathieu\Documents\New project\Stage_2A\data\exports_qgis\rgb_masque\site04_patch03_masque.png,3507,2480,351,285,3227,1750,0.484439,0.007904,False,ok
exports_qgis,rgb,site04_patch04,C:\Users\Mathieu\Documents\New project\Stage_2A\data\exports_qgis\rgb\site04_patch04.png,C:\Users\Mathieu\Documents\New project\Stage_2A\data\exports_qgis\rgb_masque\site04_patch04_masque.png,3507,2480,0,344,3507,2474,0.858871,0.003898,True,bbox_too_large;bbox_touches_edge
exports_qgis,rgb,site04_patch05,C:\Users\Mathieu\Documents\New project\Stage_2A\data\exports_qgis\rgb\site04_patch05.png,C:\Users\Mathieu\Documents\New project\Stage_2A\data\exports_qgis\rgb_masque\site04_patch05_masque.png,3507,2480,0,830,1802,2477,0.341241,0.004158,True,bbox_touches_edge
exports_qgis,rgb,site04_patch06,C:\Users\Mathieu\Documents\New project\Stage_2A\data\exports_qgis\rgb\site04_patch06.png,C:\Users\Mathieu\Documents\New project\Stage_2A\data\exports_qgis\rgb_masque\site04_patch06_masque.png,3507,2480,0,0,2968,2072,0.707076,0.003592,True,bbox_touches_edge
exports_qgis,rgb,site04_tres_large,C:\Users\Mathieu\Documents\New project\Stage_2A\data\exports_qgis\rgb\site04_tres_large.png,C:\Users\Mathieu\Documents\New project\Stage_2A\data\exports_qgis\rgb_masque\site04_tres_large_masque.png,3507,2480,250,115,2409,1653,0.381787,0.004202,False,ok
exports_qgis,rgb,site05_large,C:\Users\Mathieu\Documents\New project\Stage_2A\data\exports_qgis\rgb\site05_large.png,C:\Users\Mathieu\Documents\New project\Stage_2A\data\exports_qgis\rgb_masque\site05_large_masque.png,3507,2480,508,199,3013,2302,0.605703,0.008082,False,ok
exports_qgis,rgb,site05_patch01,C:\Users\Mathieu\Documents\New project\Stage_2A\data\exports_qgis\rgb\site05_patch01.png,C:\Users\Mathieu\Documents\New project\Stage_2A\data\exports_qgis\rgb_masque\site05_patch01_masque.png,3507,2480,1213,433,3507,2479,0.539649,0.005908,True,bbox_touches_edge
exports_qgis,rgb,site05_patch02,C:\Users\Mathieu\Documents\New project\Stage_2A\data\exports_qgis\rgb\site05_patch02.png,C:\Users\Mathieu\Documents\New project\Stage_2A\data\exports_qgis\rgb_masque\site05_patch02_masque.png,3507,2480,0,0,3507,2479,0.999597,0.007080,True,bbox_too_large;bbox_touches_edge
exports_qgis,rgb,site05_patch03,C:\Users\Mathieu\Documents\New project\Stage_2A\data\exports_qgis\rgb\site05_patch03.png,C:\Users\Mathieu\Documents\New project\Stage_2A\data\exports_qgis\rgb_masque\site05_patch03_masque.png,3507,2480,0,0,2478,2327,0.662995,0.006076,True,bbox_touches_edge
exports_qgis,rgb,site05_patch04,C:\Users\Mathieu\Documents\New project\Stage_2A\data\exports_qgis\rgb\site05_patch04.png,C:\Users\Mathieu\Documents\New project\Stage_2A\data\exports_qgis\rgb_masque\site05_patch04_masque.png,3507,2480,336,0,3507,1886,0.687623,0.006240,True,bbox_touches_edge
exports_qgis,rgb,site05_patch05,C:\Users\Mathieu\Documents\New project\Stage_2A\data\exports_qgis\rgb\site05_patch05.png,C:\Users\Mathieu\Documents\New project\Stage_2A\data\exports_qgis\rgb_masque\site05_patch05_masque.png,3507,2480,0,646,2138,2479,0.450591,0.003782,True,bbox_touches_edge
exports_qgis,rgb,site05_patch06,C:\Users\Mathieu\Documents\New project\Stage_2A\data\exports_qgis\rgb\site05_patch06.png,C:\Users\Mathieu\Documents\New project\Stage_2A\data\exports_qgis\rgb_masque\site05_patch06_masque.png,3507,2480,0,0,2153,1737,0.429988,0.003824,True,bbox_touches_edge
exports_qgis,rgb,site05_tres_large,C:\Users\Mathieu\Documents\New project\Stage_2A\data\exports_qgis\rgb\site05_tres_large.png,C:\Users\Mathieu\Documents\New project\Stage_2A\data\exports_qgis\rgb_masque\site05_tres_large_masque.png,3507,2480,1032,556,2289,1612,0.152620,0.004077,False,ok
exports_qgis,rgb,site06_large,C:\Users\Mathieu\Documents\New project\Stage_2A\data\exports_qgis\rgb\site06_large.png,C:\Users\Mathieu\Documents\New project\Stage_2A\data\exports_qgis\rgb_masque\site06_large_masque.png,3507,2480,301,352,3232,2096,0.587726,0.008892,False,ok
exports_qgis,rgb,site06_patch01,C:\Users\Mathieu\Documents\New project\Stage_2A\data\exports_qgis\rgb\site06_patch01.png,C:\Users\Mathieu\Documents\New project\Stage_2A\data\exports_qgis\rgb_masque\site06_patch01_masque.png,3507,2480,1115,15,3507,2246,0.613583,0.006808,True,bbox_touches_edge
exports_qgis,rgb,site06_patch02,C:\Users\Mathieu\Documents\New project\Stage_2A\data\exports_qgis\rgb\site06_patch02.png,C:\Users\Mathieu\Documents\New project\Stage_2A\data\exports_qgis\rgb_masque\site06_patch02_masque.png,3507,2480,444,21,3507,1925,0.670543,0.009027,True,bbox_touches_edge
exports_qgis,rgb,site06_patch03,C:\Users\Mathieu\Documents\New project\Stage_2A\data\exports_qgis\rgb\site06_patch03.png,C:\Users\Mathieu\Documents\New project\Stage_2A\data\exports_qgis\rgb_masque\site06_patch03_masque.png,3507,2480,0,544,2325,2037,0.399112,0.006509,True,bbox_touches_edge
exports_qgis,rgb,site06_tres_large,C:\Users\Mathieu\Documents\New project\Stage_2A\data\exports_qgis\rgb\site06_tres_large.png,C:\Users\Mathieu\Documents\New project\Stage_2A\data\exports_qgis\rgb_masque\site06_tres_large_masque.png,3507,2480,1445,75,3383,2476,0.535006,0.002905,True,bbox_touches_edge
exports_qgis,rgb,site07_large,C:\Users\Mathieu\Documents\New project\Stage_2A\data\exports_qgis\rgb\site07_large.png,C:\Users\Mathieu\Documents\New project\Stage_2A\data\exports_qgis\rgb_masque\site07_large_masque.png,3507,2480,881,192,2636,2288,0.422942,0.005706,False,ok
exports_qgis,rgb,site07_patch01,C:\Users\Mathieu\Documents\New project\Stage_2A\data\exports_qgis\rgb\site07_patch01.png,C:\Users\Mathieu\Documents\New project\Stage_2A\data\exports_qgis\rgb_masque\site07_patch01_masque.png,3507,2480,422,203,3104,2479,0.701849,0.006123,True,bbox_touches_edge
exports_qgis,rgb,site07_patch02,C:\Users\Mathieu\Documents\New project\Stage_2A\data\exports_qgis\rgb\site07_patch02.png,C:\Users\Mathieu\Documents\New project\Stage_2A\data\exports_qgis\rgb_masque\site07_patch02_masque.png,3507,2480,0,0,2707,2278,0.709014,0.006246,True,bbox_touches_edge
exports_qgis,rgb,site07_patch03,C:\Users\Mathieu\Documents\New project\Stage_2A\data\exports_qgis\rgb\site07_patch03.png,C:\Users\Mathieu\Documents\New project\Stage_2A\data\exports_qgis\rgb_masque\site07_patch03_masque.png,3507,2480,448,180,2268,2358,0.455766,0.005928,False,ok
exports_qgis,rgb,site07_patch04,C:\Users\Mathieu\Documents\New project\Stage_2A\data\exports_qgis\rgb\site07_patch04.png,C:\Users\Mathieu\Documents\New project\Stage_2A\data\exports_qgis\rgb_masque\site07_patch04_masque.png,3507,2480,853,97,3507,2479,0.726867,0.005582,True,bbox_touches_edge
exports_qgis,rgb,site08_large,C:\Users\Mathieu\Documents\New project\Stage_2A\data\exports_qgis\rgb\site08_large.png,C:\Users\Mathieu\Documents\New project\Stage_2A\data\exports_qgis\rgb_masque\site08_large_masque.png,3507,2480,311,361,2640,2265,0.509858,0.006803,False,ok
exports_qgis,rgb,site08_patch01,C:\Users\Mathieu\Documents\New project\Stage_2A\data\exports_qgis\rgb\site08_patch01.png,C:\Users\Mathieu\Documents\New project\Stage_2A\data\exports_qgis\rgb_masque\site08_patch01_masque.png,3507,2480,699,0,3507,2277,0.735144,0.007118,True,bbox_touches_edge
exports_qgis,rgb,site08_patch02,C:\Users\Mathieu\Documents\New project\Stage_2A\data\exports_qgis\rgb\site08_patch02.png,C:\Users\Mathieu\Documents\New project\Stage_2A\data\exports_qgis\rgb_masque\site08_patch02_masque.png,3507,2480,0,284,2501,2479,0.631191,0.005191,True,bbox_touches_edge
exports_qgis,rgb,site08_patch03,C:\Users\Mathieu\Documents\New project\Stage_2A\data\exports_qgis\rgb\site08_patch03.png,C:\Users\Mathieu\Documents\New project\Stage_2A\data\exports_qgis\rgb_masque\site08_patch03_masque.png,3507,2480,529,0,3439,2306,0.771551,0.007920,True,bbox_touches_edge
exports_qgis,rgb,site08_patch04,C:\Users\Mathieu\Documents\New project\Stage_2A\data\exports_qgis\rgb\site08_patch04.png,C:\Users\Mathieu\Documents\New project\Stage_2A\data\exports_qgis\rgb_masque\site08_patch04_masque.png,3507,2480,0,180,2225,2479,0.588141,0.004312,True,bbox_touches_edge
exports_qgis,rgb,site09_patch01,C:\Users\Mathieu\Documents\New project\Stage_2A\data\exports_qgis\rgb\site09_patch01.png,C:\Users\Mathieu\Documents\New project\Stage_2A\data\exports_qgis\rgb_masque\site09_patch01_masque.png,3507,2480,,,,,0.000000,0.000000,False,no_detected_mask
exports_qgis,rgb,site09_patch02,C:\Users\Mathieu\Documents\New project\Stage_2A\data\exports_qgis\rgb\site09_patch02.png,C:\Users\Mathieu\Documents\New project\Stage_2A\data\exports_qgis\rgb_masque\site09_patch02_masque.png,3507,2480,6,188,2648,2479,0.695938,0.003980,True,bbox_touches_edge
exports_qgis,rgb,site09_patch03,C:\Users\Mathieu\Documents\New project\Stage_2A\data\exports_qgis\rgb\site09_patch03.png,C:\Users\Mathieu\Documents\New project\Stage_2A\data\exports_qgis\rgb_masque\site09_patch03_masque.png,3507,2480,769,0,3507,2479,0.780409,0.003625,True,bbox_touches_edge
exports_qgis,rgb,site09_patch04,C:\Users\Mathieu\Documents\New project\Stage_2A\data\exports_qgis\rgb\site09_patch04.png,C:\Users\Mathieu\Documents\New project\Stage_2A\data\exports_qgis\rgb_masque\site09_patch04_masque.png,3507,2480,328,0,3492,2244,0.816342,0.002619,True,bbox_touches_edge
exports_qgis,rgb,site10_large,C:\Users\Mathieu\Documents\New project\Stage_2A\data\exports_qgis\rgb\site10_large.png,C:\Users\Mathieu\Documents\New project\Stage_2A\data\exports_qgis\rgb_masque\site10_large_masque.png,3507,2480,714,199,2799,2336,0.512299,0.004828,False,ok
exports_qgis,rgb,site10_patch01,C:\Users\Mathieu\Documents\New project\Stage_2A\data\exports_qgis\rgb\site10_patch01.png,C:\Users\Mathieu\Documents\New project\Stage_2A\data\exports_qgis\rgb_masque\site10_patch01_masque.png,3507,2480,0,6,2381,2462,0.672358,0.005458,True,bbox_touches_edge
exports_qgis,rgb,site10_patch02,C:\Users\Mathieu\Documents\New project\Stage_2A\data\exports_qgis\rgb\site10_patch02.png,C:\Users\Mathieu\Documents\New project\Stage_2A\data\exports_qgis\rgb_masque\site10_patch02_masque.png,3507,2480,949,106,3306,2479,0.643087,0.005139,True,bbox_touches_edge
exports_qgis,rgb,site10_patch03,C:\Users\Mathieu\Documents\New project\Stage_2A\data\exports_qgis\rgb\site10_patch03.png,C:\Users\Mathieu\Documents\New project\Stage_2A\data\exports_qgis\rgb_masque\site10_patch03_masque.png,3507,2480,338,0,3108,2479,0.789530,0.002567,True,bbox_touches_edge
exports_qgis,rgb,site10_patch04,C:\Users\Mathieu\Documents\New project\Stage_2A\data\exports_qgis\rgb\site10_patch04.png,C:\Users\Mathieu\Documents\New project\Stage_2A\data\exports_qgis\rgb_masque\site10_patch04_masque.png,3507,2480,1666,378,3322,2075,0.323113,0.003845,False,ok
exports_qgis,rgb,site11_large,C:\Users\Mathieu\Documents\New project\Stage_2A\data\exports_qgis\rgb\site11_large.png,C:\Users\Mathieu\Documents\New project\Stage_2A\data\exports_qgis\rgb_masque\site11_large_masque.png,3507,2480,287,273,3216,2189,0.645249,0.006036,False,ok
exports_qgis,rgb,site11_patch01,C:\Users\Mathieu\Documents\New project\Stage_2A\data\exports_qgis\rgb\site11_patch01.png,C:\Users\Mathieu\Documents\New project\Stage_2A\data\exports_qgis\rgb_masque\site11_patch01_masque.png,3507,2480,0,0,3302,2210,0.839039,0.006584,True,bbox_touches_edge
exports_qgis,rgb,site11_patch02,C:\Users\Mathieu\Documents\New project\Stage_2A\data\exports_qgis\rgb\site11_patch02.png,C:\Users\Mathieu\Documents\New project\Stage_2A\data\exports_qgis\rgb_masque\site11_patch02_masque.png,3507,2480,0,15,3041,2294,0.796844,0.006171,True,bbox_touches_edge
exports_qgis,rgb,site11_patch03,C:\Users\Mathieu\Documents\New project\Stage_2A\data\exports_qgis\rgb\site11_patch03.png,C:\Users\Mathieu\Documents\New project\Stage_2A\data\exports_qgis\rgb_masque\site11_patch03_masque.png,3507,2480,293,0,3507,2424,0.895759,0.006188,True,bbox_too_large;bbox_touches_edge
exports_qgis,rgb,site11_patch04,C:\Users\Mathieu\Documents\New project\Stage_2A\data\exports_qgis\rgb\site11_patch04.png,C:\Users\Mathieu\Documents\New project\Stage_2A\data\exports_qgis\rgb_masque\site11_patch04_masque.png,3507,2480,0,24,2502,2426,0.690992,0.004915,True,bbox_touches_edge
exports_qgis,rgb,site11_patch05,C:\Users\Mathieu\Documents\New project\Stage_2A\data\exports_qgis\rgb\site11_patch05.png,C:\Users\Mathieu\Documents\New project\Stage_2A\data\exports_qgis\rgb_masque\site11_patch05_masque.png,3507,2480,1016,0,3507,2152,0.616352,0.003444,True,bbox_touches_edge
exports_qgis,rgb,site12_large,C:\Users\Mathieu\Documents\New project\Stage_2A\data\exports_qgis\rgb\site12_large.png,C:\Users\Mathieu\Documents\New project\Stage_2A\data\exports_qgis\rgb_masque\site12_large_masque.png,3507,2480,967,191,2554,2272,0.379718,0.007327,False,ok
exports_qgis,rgb,site12_patch01,C:\Users\Mathieu\Documents\New project\Stage_2A\data\exports_qgis\rgb\site12_patch01.png,C:\Users\Mathieu\Documents\New project\Stage_2A\data\exports_qgis\rgb_masque\site12_patch01_masque.png,3507,2480,273,643,3437,2479,0.667916,0.006760,True,bbox_touches_edge
exports_qgis,rgb,site12_patch02,C:\Users\Mathieu\Documents\New project\Stage_2A\data\exports_qgis\rgb\site12_patch02.png,C:\Users\Mathieu\Documents\New project\Stage_2A\data\exports_qgis\rgb_masque\site12_patch02_masque.png,3507,2480,852,0,2984,2311,0.566500,0.006663,True,bbox_touches_edge
exports_qgis,rgb,site12_patch03,C:\Users\Mathieu\Documents\New project\Stage_2A\data\exports_qgis\rgb\site12_patch03.png,C:\Users\Mathieu\Documents\New project\Stage_2A\data\exports_qgis\rgb_masque\site12_patch03_masque.png,3507,2480,66,0,3390,2460,0.940175,0.007313,True,bbox_too_large;bbox_touches_edge
exports_qgis,rgb,site12_patch04,C:\Users\Mathieu\Documents\New project\Stage_2A\data\exports_qgis\rgb\site12_patch04.png,C:\Users\Mathieu\Documents\New project\Stage_2A\data\exports_qgis\rgb_masque\site12_patch04_masque.png,3507,2480,312,0,3461,2479,0.897556,0.003073,True,bbox_too_large;bbox_touches_edge
exports_qgis,rgb,site12_patch05,C:\Users\Mathieu\Documents\New project\Stage_2A\data\exports_qgis\rgb\site12_patch05.png,C:\Users\Mathieu\Documents\New project\Stage_2A\data\exports_qgis\rgb_masque\site12_patch05_masque.png,3507,2480,937,166,2545,2275,0.389920,0.007421,False,ok
exports_qgis,rgb,site13_large,C:\Users\Mathieu\Documents\New project\Stage_2A\data\exports_qgis\rgb\site13_large.png,C:\Users\Mathieu\Documents\New project\Stage_2A\data\exports_qgis\rgb_masque\site13_large_masque.png,3507,2480,1078,155,2394,2362,0.333942,0.005879,False,ok
exports_qgis,rgb,site13_patch01,C:\Users\Mathieu\Documents\New project\Stage_2A\data\exports_qgis\rgb\site13_patch01.png,C:\Users\Mathieu\Documents\New project\Stage_2A\data\exports_qgis\rgb_masque\site13_patch01_masque.png,3507,2480,457,130,3507,2468,0.819892,0.005536,True,bbox_touches_edge
exports_qgis,rgb,site13_patch02,C:\Users\Mathieu\Documents\New project\Stage_2A\data\exports_qgis\rgb\site13_patch02.png,C:\Users\Mathieu\Documents\New project\Stage_2A\data\exports_qgis\rgb_masque\site13_patch02_masque.png,3507,2480,999,0,2502,2318,0.400576,0.005915,True,bbox_touches_edge
exports_qgis,rgb,site14_large,C:\Users\Mathieu\Documents\New project\Stage_2A\data\exports_qgis\rgb\site14_large.png,C:\Users\Mathieu\Documents\New project\Stage_2A\data\exports_qgis\rgb_masque\site14_large_masque.png,3507,2480,874,190,2648,2297,0.429765,0.007313,False,ok
exports_qgis,rgb,site14_patch01,C:\Users\Mathieu\Documents\New project\Stage_2A\data\exports_qgis\rgb\site14_patch01.png,C:\Users\Mathieu\Documents\New project\Stage_2A\data\exports_qgis\rgb_masque\site14_patch01_masque.png,3507,2480,849,0,3048,2310,0.584050,0.006762,True,bbox_touches_edge
exports_qgis,rgb,site14_patch02,C:\Users\Mathieu\Documents\New project\Stage_2A\data\exports_qgis\rgb\site14_patch02.png,C:\Users\Mathieu\Documents\New project\Stage_2A\data\exports_qgis\rgb_masque\site14_patch02_masque.png,3507,2480,26,0,3507,2479,0.992186,0.009133,True,bbox_too_large;bbox_touches_edge
exports_qgis,rgb,site14_patch03,C:\Users\Mathieu\Documents\New project\Stage_2A\data\exports_qgis\rgb\site14_patch03.png,C:\Users\Mathieu\Documents\New project\Stage_2A\data\exports_qgis\rgb_masque\site14_patch03_masque.png,3507,2480,0,405,3321,2479,0.791936,0.007863,True,bbox_touches_edge
exports_qgis,rgb,site14_patch04,C:\Users\Mathieu\Documents\New project\Stage_2A\data\exports_qgis\rgb\site14_patch04.png,C:\Users\Mathieu\Documents\New project\Stage_2A\data\exports_qgis\rgb_masque\site14_patch04_masque.png,3507,2480,98,0,926,2479,0.236004,0.003728,True,bbox_touches_edge
exports_qgis,rgb,site14_patch05,C:\Users\Mathieu\Documents\New project\Stage_2A\data\exports_qgis\rgb\site14_patch05.png,C:\Users\Mathieu\Documents\New project\Stage_2A\data\exports_qgis\rgb_masque\site14_patch05_masque.png,3507,2480,422,0,3036,2479,0.745066,0.008469,True,bbox_touches_edge
exports_qgis,rgb,site15_patch01,C:\Users\Mathieu\Documents\New project\Stage_2A\data\exports_qgis\rgb\site15_patch01.png,C:\Users\Mathieu\Documents\New project\Stage_2A\data\exports_qgis\rgb_masque\site15_patch01_masque.png,3507,2480,1387,291,2251,2224,0.192025,0.003372,False,ok
exports_qgis,rgb,site15_patch02,C:\Users\Mathieu\Documents\New project\Stage_2A\data\exports_qgis\rgb\site15_patch02.png,C:\Users\Mathieu\Documents\New project\Stage_2A\data\exports_qgis\rgb_masque\site15_patch02_masque.png,3507,2480,1520,0,2537,2261,0.264383,0.003922,True,bbox_touches_edge
exports_qgis,rgb,site15_patch03,C:\Users\Mathieu\Documents\New project\Stage_2A\data\exports_qgis\rgb\site15_patch03.png,C:\Users\Mathieu\Documents\New project\Stage_2A\data\exports_qgis\rgb_masque\site15_patch03_masque.png,3507,2480,453,0,2723,1770,0.461968,0.003797,True,bbox_touches_edge
exports_qgis_auto,rgb,site01_large,C:\Users\Mathieu\Documents\New project\Stage_2A\data\exports_qgis_auto\rgb\site01_large.png,C:\Users\Mathieu\Documents\New project\Stage_2A\data\exports_qgis_auto\rgb_masque\site01_large_masque.png,3507,2480,18,11,3457,2227,0.876223,0.003616,True,bbox_too_large;bbox_touches_edge
exports_qgis_auto,rgb,site01_patch,C:\Users\Mathieu\Documents\New project\Stage_2A\data\exports_qgis_auto\rgb\site01_patch.png,C:\Users\Mathieu\Documents\New project\Stage_2A\data\exports_qgis_auto\rgb_masque\site01_patch_masque.png,3507,2480,561,5,3507,2324,0.785500,0.006194,True,bbox_touches_edge
exports_qgis_auto,rgb,site01_tres_large,C:\Users\Mathieu\Documents\New project\Stage_2A\data\exports_qgis_auto\rgb\site01_tres_large.png,C:\Users\Mathieu\Documents\New project\Stage_2A\data\exports_qgis_auto\rgb_masque\site01_tres_large_masque.png,3507,2480,130,54,3362,2463,0.895201,0.002233,True,bbox_too_large;bbox_touches_edge
exports_qgis_auto,rgb,site02_large,C:\Users\Mathieu\Documents\New project\Stage_2A\data\exports_qgis_auto\rgb\site02_large.png,C:\Users\Mathieu\Documents\New project\Stage_2A\data\exports_qgis_auto\rgb_masque\site02_large_masque.png,3507,2480,1028,2,2004,1908,0.213887,0.002962,True,bbox_touches_edge
exports_qgis_auto,rgb,site02_patch,C:\Users\Mathieu\Documents\New project\Stage_2A\data\exports_qgis_auto\rgb\site02_patch.png,C:\Users\Mathieu\Documents\New project\Stage_2A\data\exports_qgis_auto\rgb_masque\site02_patch_masque.png,3507,2480,1368,201,2141,2277,0.184510,0.004627,False,ok
exports_qgis_auto,rgb,site02_tres_large,C:\Users\Mathieu\Documents\New project\Stage_2A\data\exports_qgis_auto\rgb\site02_tres_large.png,C:\Users\Mathieu\Documents\New project\Stage_2A\data\exports_qgis_auto\rgb_masque\site02_tres_large_masque.png,3507,2480,1281,174,2003,1676,0.124687,0.001919,False,ok
exports_qgis_auto,rgb,site03_large,C:\Users\Mathieu\Documents\New project\Stage_2A\data\exports_qgis_auto\rgb\site03_large.png,C:\Users\Mathieu\Documents\New project\Stage_2A\data\exports_qgis_auto\rgb_masque\site03_large_masque.png,3507,2480,1284,750,2904,2367,0.301188,0.003449,False,ok
exports_qgis_auto,rgb,site03_patch,C:\Users\Mathieu\Documents\New project\Stage_2A\data\exports_qgis_auto\rgb\site03_patch.png,C:\Users\Mathieu\Documents\New project\Stage_2A\data\exports_qgis_auto\rgb_masque\site03_patch_masque.png,3507,2480,759,201,2748,2278,0.474989,0.007316,False,ok
exports_qgis_auto,rgb,site03_tres_large,C:\Users\Mathieu\Documents\New project\Stage_2A\data\exports_qgis_auto\rgb\site03_tres_large.png,C:\Users\Mathieu\Documents\New project\Stage_2A\data\exports_qgis_auto\rgb_masque\site03_tres_large_masque.png,3507,2480,56,219,2394,2423,0.592473,0.001928,False,ok
exports_qgis_auto,rgb,site04_large,C:\Users\Mathieu\Documents\New project\Stage_2A\data\exports_qgis_auto\rgb\site04_large.png,C:\Users\Mathieu\Documents\New project\Stage_2A\data\exports_qgis_auto\rgb_masque\site04_large_masque.png,3507,2480,271,18,2575,1660,0.434979,0.004491,True,bbox_touches_edge
exports_qgis_auto,rgb,site04_patch,C:\Users\Mathieu\Documents\New project\Stage_2A\data\exports_qgis_auto\rgb\site04_patch.png,C:\Users\Mathieu\Documents\New project\Stage_2A\data\exports_qgis_auto\rgb_masque\site04_patch_masque.png,3507,2480,288,493,3220,1987,0.503648,0.008073,False,ok
exports_qgis_auto,rgb,site04_tres_large,C:\Users\Mathieu\Documents\New project\Stage_2A\data\exports_qgis_auto\rgb\site04_tres_large.png,C:\Users\Mathieu\Documents\New project\Stage_2A\data\exports_qgis_auto\rgb_masque\site04_tres_large_masque.png,3507,2480,53,3,2875,2453,0.794942,0.002362,True,bbox_touches_edge
exports_qgis_auto,rgb,site05_large,C:\Users\Mathieu\Documents\New project\Stage_2A\data\exports_qgis_auto\rgb\site05_large.png,C:\Users\Mathieu\Documents\New project\Stage_2A\data\exports_qgis_auto\rgb_masque\site05_large_masque.png,3507,2480,1450,984,2057,1495,0.035663,0.001965,False,ok
exports_qgis_auto,rgb,site05_patch,C:\Users\Mathieu\Documents\New project\Stage_2A\data\exports_qgis_auto\rgb\site05_patch.png,C:\Users\Mathieu\Documents\New project\Stage_2A\data\exports_qgis_auto\rgb_masque\site05_patch_masque.png,3507,2480,517,201,2990,2278,0.590572,0.008022,False,ok
exports_qgis_auto,rgb,site05_tres_large,C:\Users\Mathieu\Documents\New project\Stage_2A\data\exports_qgis_auto\rgb\site05_tres_large.png,C:\Users\Mathieu\Documents\New project\Stage_2A\data\exports_qgis_auto\rgb_masque\site05_tres_large_masque.png,3507,2480,1609,1118,1898,1362,0.008108,0.000912,False,ok
exports_qgis_auto,rgb,site06_large,C:\Users\Mathieu\Documents\New project\Stage_2A\data\exports_qgis_auto\rgb\site06_large.png,C:\Users\Mathieu\Documents\New project\Stage_2A\data\exports_qgis_auto\rgb_masque\site06_large_masque.png,3507,2480,872,36,2656,2389,0.482647,0.001999,False,ok
exports_qgis_auto,rgb,site06_patch,C:\Users\Mathieu\Documents\New project\Stage_2A\data\exports_qgis_auto\rgb\site06_patch.png,C:\Users\Mathieu\Documents\New project\Stage_2A\data\exports_qgis_auto\rgb_masque\site06_patch_masque.png,3507,2480,287,365,3220,2110,0.588464,0.008895,False,ok
exports_qgis_auto,rgb,site06_tres_large,C:\Users\Mathieu\Documents\New project\Stage_2A\data\exports_qgis_auto\rgb\site06_tres_large.png,C:\Users\Mathieu\Documents\New project\Stage_2A\data\exports_qgis_auto\rgb_masque\site06_tres_large_masque.png,3507,2480,1358,8,3503,2242,0.550964,0.000942,True,bbox_touches_edge
exports_qgis_auto,rgb,site07_large,C:\Users\Mathieu\Documents\New project\Stage_2A\data\exports_qgis_auto\rgb\site07_large.png,C:\Users\Mathieu\Documents\New project\Stage_2A\data\exports_qgis_auto\rgb_masque\site07_large_masque.png,3507,2480,1631,1094,1872,1384,0.008036,0.000755,False,ok
exports_qgis_auto,rgb,site07_patch,C:\Users\Mathieu\Documents\New project\Stage_2A\data\exports_qgis_auto\rgb\site07_patch.png,C:\Users\Mathieu\Documents\New project\Stage_2A\data\exports_qgis_auto\rgb_masque\site07_patch_masque.png,3507,2480,883,201,2622,2278,0.415287,0.005636,False,ok
exports_qgis_auto,rgb,site07_tres_large,C:\Users\Mathieu\Documents\New project\Stage_2A\data\exports_qgis_auto\rgb\site07_tres_large.png,C:\Users\Mathieu\Documents\New project\Stage_2A\data\exports_qgis_auto\rgb_masque\site07_tres_large_masque.png,3507,2480,1697,1173,1806,1306,0.001667,0.000308,False,bbox_too_small
exports_qgis_auto,rgb,site08_large,C:\Users\Mathieu\Documents\New project\Stage_2A\data\exports_qgis_auto\rgb\site08_large.png,C:\Users\Mathieu\Documents\New project\Stage_2A\data\exports_qgis_auto\rgb_masque\site08_large_masque.png,3507,2480,1220,805,2284,1677,0.106677,0.003099,False,ok
exports_qgis_auto,rgb,site08_patch,C:\Users\Mathieu\Documents\New project\Stage_2A\data\exports_qgis_auto\rgb\site08_patch.png,C:\Users\Mathieu\Documents\New project\Stage_2A\data\exports_qgis_auto\rgb_masque\site08_patch_masque.png,3507,2480,484,207,3019,2278,0.603630,0.007410,False,ok
exports_qgis_auto,rgb,site08_tres_large,C:\Users\Mathieu\Documents\New project\Stage_2A\data\exports_qgis_auto\rgb\site08_tres_large.png,C:\Users\Mathieu\Documents\New project\Stage_2A\data\exports_qgis_auto\rgb_masque\site08_tres_large_masque.png,3507,2480,1467,1006,2039,1476,0.030911,0.001643,False,ok
exports_qgis_auto,rgb,site09_large,C:\Users\Mathieu\Documents\New project\Stage_2A\data\exports_qgis_auto\rgb\site09_large.png,C:\Users\Mathieu\Documents\New project\Stage_2A\data\exports_qgis_auto\rgb_masque\site09_large_masque.png,3507,2480,131,194,2546,2074,0.522020,0.001412,False,ok
exports_qgis_auto,rgb,site09_patch,C:\Users\Mathieu\Documents\New project\Stage_2A\data\exports_qgis_auto\rgb\site09_patch.png,C:\Users\Mathieu\Documents\New project\Stage_2A\data\exports_qgis_auto\rgb_masque\site09_patch_masque.png,3507,2480,137,205,2508,2272,0.563488,0.003646,False,ok
exports_qgis_auto,rgb,site09_tres_large,C:\Users\Mathieu\Documents\New project\Stage_2A\data\exports_qgis_auto\rgb\site09_tres_large.png,C:\Users\Mathieu\Documents\New project\Stage_2A\data\exports_qgis_auto\rgb_masque\site09_tres_large_masque.png,3507,2480,105,4,3464,2427,0.935785,0.000727,True,bbox_too_large;bbox_touches_edge
exports_qgis_auto,rgb,site10_large,C:\Users\Mathieu\Documents\New project\Stage_2A\data\exports_qgis_auto\rgb\site10_large.png,C:\Users\Mathieu\Documents\New project\Stage_2A\data\exports_qgis_auto\rgb_masque\site10_large_masque.png,3507,2480,1599,1081,1904,1395,0.011011,0.000713,False,ok
exports_qgis_auto,rgb,site10_patch,C:\Users\Mathieu\Documents\New project\Stage_2A\data\exports_qgis_auto\rgb\site10_patch.png,C:\Users\Mathieu\Documents\New project\Stage_2A\data\exports_qgis_auto\rgb_masque\site10_patch_masque.png,3507,2480,740,201,2763,2274,0.482178,0.004696,False,ok
exports_qgis_auto,rgb,site10_tres_large,C:\Users\Mathieu\Documents\New project\Stage_2A\data\exports_qgis_auto\rgb\site10_tres_large.png,C:\Users\Mathieu\Documents\New project\Stage_2A\data\exports_qgis_auto\rgb_masque\site10_tres_large_masque.png,3507,2480,559,358,1820,1312,0.138317,0.000308,False,ok
exports_qgis_auto,rgb,site11_large,C:\Users\Mathieu\Documents\New project\Stage_2A\data\exports_qgis_auto\rgb\site11_large.png,C:\Users\Mathieu\Documents\New project\Stage_2A\data\exports_qgis_auto\rgb_masque\site11_large_masque.png,3507,2480,1380,808,2297,2044,0.130317,0.001537,False,ok
exports_qgis_auto,rgb,site11_patch,C:\Users\Mathieu\Documents\New project\Stage_2A\data\exports_qgis_auto\rgb\site11_patch.png,C:\Users\Mathieu\Documents\New project\Stage_2A\data\exports_qgis_auto\rgb_masque\site11_patch_masque.png,3507,2480,288,283,3220,2201,0.646584,0.006045,False,ok
exports_qgis_auto,rgb,site11_tres_large,C:\Users\Mathieu\Documents\New project\Stage_2A\data\exports_qgis_auto\rgb\site11_tres_large.png,C:\Users\Mathieu\Documents\New project\Stage_2A\data\exports_qgis_auto\rgb_masque\site11_tres_large_masque.png,3507,2480,399,315,3171,2345,0.646996,0.000792,False,ok
exports_qgis_auto,rgb,site12_large,C:\Users\Mathieu\Documents\New project\Stage_2A\data\exports_qgis_auto\rgb\site12_large.png,C:\Users\Mathieu\Documents\New project\Stage_2A\data\exports_qgis_auto\rgb_masque\site12_large_masque.png,3507,2480,1426,811,2081,1668,0.064541,0.002988,False,ok
exports_qgis_auto,rgb,site12_patch,C:\Users\Mathieu\Documents\New project\Stage_2A\data\exports_qgis_auto\rgb\site12_patch.png,C:\Users\Mathieu\Documents\New project\Stage_2A\data\exports_qgis_auto\rgb_masque\site12_patch_masque.png,3507,2480,961,201,2546,2278,0.378511,0.007316,False,ok
exports_qgis_auto,rgb,site12_tres_large,C:\Users\Mathieu\Documents\New project\Stage_2A\data\exports_qgis_auto\rgb\site12_tres_large.png,C:\Users\Mathieu\Documents\New project\Stage_2A\data\exports_qgis_auto\rgb_masque\site12_tres_large_masque.png,3507,2480,1577,1010,1930,1469,0.018629,0.001581,False,ok
exports_qgis_auto,rgb,site13_large,C:\Users\Mathieu\Documents\New project\Stage_2A\data\exports_qgis_auto\rgb\site13_large.png,C:\Users\Mathieu\Documents\New project\Stage_2A\data\exports_qgis_auto\rgb_masque\site13_large_masque.png,3507,2480,1565,920,3037,1993,0.181602,0.001660,False,ok
exports_qgis_auto,rgb,site13_patch,C:\Users\Mathieu\Documents\New project\Stage_2A\data\exports_qgis_auto\rgb\site13_patch.png,C:\Users\Mathieu\Documents\New project\Stage_2A\data\exports_qgis_auto\rgb_masque\site13_patch_masque.png,3507,2480,1137,202,2375,2278,0.295502,0.005518,False,ok
exports_qgis_auto,rgb,site13_tres_large,C:\Users\Mathieu\Documents\New project\Stage_2A\data\exports_qgis_auto\rgb\site13_tres_large.png,C:\Users\Mathieu\Documents\New project\Stage_2A\data\exports_qgis_auto\rgb_masque\site13_tres_large_masque.png,3507,2480,1309,4,3507,2370,0.597936,0.000825,True,bbox_touches_edge
exports_qgis_auto,rgb,site14_large,C:\Users\Mathieu\Documents\New project\Stage_2A\data\exports_qgis_auto\rgb\site14_large.png,C:\Users\Mathieu\Documents\New project\Stage_2A\data\exports_qgis_auto\rgb_masque\site14_large_masque.png,3507,2480,1428,853,3231,1668,0.168953,0.002677,False,ok
exports_qgis_auto,rgb,site14_patch,C:\Users\Mathieu\Documents\New project\Stage_2A\data\exports_qgis_auto\rgb\site14_patch.png,C:\Users\Mathieu\Documents\New project\Stage_2A\data\exports_qgis_auto\rgb_masque\site14_patch_masque.png,3507,2480,880,201,2626,2276,0.416557,0.007208,False,ok
exports_qgis_auto,rgb,site14_tres_large,C:\Users\Mathieu\Documents\New project\Stage_2A\data\exports_qgis_auto\rgb\site14_tres_large.png,C:\Users\Mathieu\Documents\New project\Stage_2A\data\exports_qgis_auto\rgb_masque\site14_tres_large_masque.png,3507,2480,747,161,3327,2383,0.659138,0.001384,False,ok
exports_qgis_auto,rgb,site15_large,C:\Users\Mathieu\Documents\New project\Stage_2A\data\exports_qgis_auto\rgb\site15_large.png,C:\Users\Mathieu\Documents\New project\Stage_2A\data\exports_qgis_auto\rgb_masque\site15_large_masque.png,3507,2480,1518,720,1985,1762,0.055950,0.001833,False,ok
exports_qgis_auto,rgb,site15_patch,C:\Users\Mathieu\Documents\New project\Stage_2A\data\exports_qgis_auto\rgb\site15_patch.png,C:\Users\Mathieu\Documents\New project\Stage_2A\data\exports_qgis_auto\rgb_masque\site15_patch_masque.png,3507,2480,1287,205,2214,2278,0.220949,0.003601,False,ok
exports_qgis_auto,rgb,site15_tres_large,C:\Users\Mathieu\Documents\New project\Stage_2A\data\exports_qgis_auto\rgb\site15_tres_large.png,C:\Users\Mathieu\Documents\New project\Stage_2A\data\exports_qgis_auto\rgb_masque\site15_tres_large_masque.png,3507,2480,1616,941,1887,1541,0.018695,0.001076,False,ok
